session_id,timestamp,focus_score,symmetry_score,au1_inner_brow_raise,au2_outer_brow_raise,au4_frown,au6_cheek_raise,au7_eye_squeeze,au9_nose_wrinkle,au10_upper_lip_raise,au12_smile,au14_dimpler,au15_mouth_down,au20_lip_stretcher,au23_lip_compression,au25_mouth_open,au26_jaw_drop,head_yaw,head_pitch,blink_rate_per_min,eye_closed_sec,psychological_signals,micro_expressions,emotion_vector,dominant_emotion,confidence,tension_level
20260120_171417,1768900458.794871,0.3,0.988,0.243,0.276,0.114,0.479,0.611,0.5,0.0,0.0,0.635,0.003,0.0,0.002,0.0,0.0,0.333,-0.997,0.0,0.0,"{'tension_score': 0.335, 'tension_level': 'medium', 'tension_sources': {'brow_furrow': 0.114, 'lip_compression': 0.002, 'eye_closure': 0.0, 'expression_instability': 0, 'emotional_influence': 0.3}}",{},"{'happy': 0.0, 'sadness': 0.0, 'anger': 0.0, 'fear': 0.0, 'surprise': 0.0, 'disgust': 0.0, 'contempt': 0.0, 'anxiety': 1.0, 'fatigue': 0.0, 'polite_smile': 0.0, 'distress': 0.0}",anxiety,1.0,medium
20260120_171417,1768900458.8691285,0.3,0.989,0.214,0.255,0.106,0.472,0.619,0.5,0.0,0.006,0.622,0.004,0.006,0.083,0.0,0.012,0.331,-0.997,0.0,0.0,"{'tension_score': 0.353, 'tension_level': 'medium', 'tension_sources': {'brow_furrow': 0.106, 'lip_compression': 0.083, 'eye_closure': 0.0, 'expression_instability': 0.003, 'emotional_influence': 0.3}}",{},"{'happy': 0.0, 'sadness': 0.0, 'anger': 0.0, 'fear': 0.0, 'surprise': 0.0, 'disgust': 0.0, 'contempt': 0.0, 'anxiety': 1.0, 'fatigue': 0.0, 'polite_smile': 0.0, 'distress': 0.0}",anxiety,1.0,medium
20260120_171417,1768900458.8906078,0.3,0.988,0.231,0.265,0.116,0.459,0.604,0.5,0.0,0.0,0.612,0.007,0.0,0.427,0.018,0.0,0.328,-0.998,0.0,0.0,"{'tension_score': 0.442, 'tension_level': 'medium', 'tension_sources': {'brow_furrow': 0.116, 'lip_compression': 0.427, 'eye_closure': 0.0, 'expression_instability': 0.003, 'emotional_influence': 0.3}}",{},"{'happy': 0.0, 'sadness': 0.0, 'anger': 0.0, 'fear': 0.0, 'surprise': 0.0, 'disgust': 0.0, 'contempt': 0.0, 'anxiety': 1.0, 'fatigue': 0.0, 'polite_smile': 0.0, 'distress': 0.0}",anxiety,1.0,medium
20260120_171417,1768900458.9218154,0.3,0.988,0.21,0.25,0.099,0.469,0.626,0.5,0.0,0.0,0.665,0.002,0.0,0.267,0.012,0.11,0.331,-0.998,0.0,0.0,"{'tension_score': 0.397, 'tension_level': 'medium', 'tension_sources': {'brow_furrow': 0.099, 'lip_compression': 0.267, 'eye_closure': 0.0, 'expression_instability': 0.003, 'emotional_influence': 0.3}}",{},"{'happy': 0.0, 'sadness': 0.0, 'anger': 0.0, 'fear': 0.0, 'surprise': 0.0, 'disgust': 0.0, 'contempt': 0.0, 'anxiety': 1.0, 'fatigue': 0.0, 'polite_smile': 0.0, 'distress': 0.0}",anxiety,1.0,medium
20260120_171417,1768900458.966477,0.3,0.989,0.222,0.265,0.128,0.455,0.609,0.5,0.0,0.012,0.584,0.004,0.012,0.426,0.0,0.027,0.331,-0.997,0.0,0.0,"{'tension_score': 0.446, 'tension_level': 'medium', 'tension_sources': {'brow_furrow': 0.128, 'lip_compression': 0.426, 'eye_closure': 0.0, 'expression_instability': 0.005, 'emotional_influence': 0.3}}",{},"{'happy': 0.0, 'sadness': 0.0, 'anger': 0.0, 'fear': 0.0, 'surprise': 0.0, 'disgust': 0.0, 'contempt': 0.0, 'anxiety': 1.0, 'fatigue': 0.0, 'polite_smile': 0.0, 'distress': 0.0}",anxiety,1.0,medium
20260120_171417,1768900458.9838266,0.3,0.988,0.227,0.267,0.134,0.457,0.602,0.5,0.0,0.028,0.612,0.0,0.028,0.219,0.032,0.084,0.328,-0.997,0.0,0.0,"{'tension_score': 0.396, 'tension_level': 'medium', 'tension_sources': {'brow_furrow': 0.134, 'lip_compression': 0.219, 'eye_closure': 0.0, 'expression_instability': 0.01, 'emotional_influence': 0.3}}",{},"{'happy': 0.0, 'sadness': 0.0, 'anger': 0.0, 'fear': 0.0, 'surprise': 0.0, 'disgust': 0.0, 'contempt': 0.0, 'anxiety': 1.0, 'fatigue': 0.0, 'polite_smile': 0.0, 'distress': 0.0}",anxiety,1.0,medium
20260120_171417,1768900459.033007,0.3,0.988,0.233,0.271,0.122,0.46,0.594,0.499,0.0,0.011,0.578,0.003,0.011,0.203,0.033,0.054,0.327,-0.998,0.0,0.0,"{'tension_score': 0.389, 'tension_level': 'medium', 'tension_sources': {'brow_furrow': 0.122, 'lip_compression': 0.203, 'eye_closure': 0.0, 'expression_instability': 0.009, 'emotional_influence': 0.3}}",{},"{'happy': 0.0, 'sadness': 0.0, 'anger': 0.0, 'fear': 0.0, 'surprise': 0.0, 'disgust': 0.0, 'contempt': 0.0, 'anxiety': 1.0, 'fatigue': 0.0, 'polite_smile': 0.0, 'distress': 0.0}",anxiety,1.0,medium
20260120_171417,1768900459.0622523,0.3,0.988,0.23,0.271,0.127,0.464,0.598,0.499,0.0,0.017,0.565,0.0,0.017,0.015,0.0,0.018,0.331,-0.998,0.0,0.0,"{'tension_score': 0.343, 'tension_level': 'medium', 'tension_sources': {'brow_furrow': 0.127, 'lip_compression': 0.015, 'eye_closure': 0.0, 'expression_instability': 0.009, 'emotional_influence': 0.3}}",{},"{'happy': 0.0, 'sadness': 0.0, 'anger': 0.0, 'fear': 0.0, 'surprise': 0.0, 'disgust': 0.0, 'contempt': 0.0, 'anxiety': 1.0, 'fatigue': 0.0, 'polite_smile': 0.0, 'distress': 0.0}",anxiety,1.0,medium
20260120_171417,1768900459.095597,0.3,0.987,0.235,0.272,0.13,0.457,0.601,0.499,0.0,0.007,0.575,0.0,0.007,0.547,0.0,0.045,0.329,-0.998,0.0,0.0,"{'tension_score': 0.477, 'tension_level': 'medium', 'tension_sources': {'brow_furrow': 0.13, 'lip_compression': 0.547, 'eye_closure': 0.0, 'expression_instability': 0.009, 'emotional_influence': 0.3}}",{},"{'happy': 0.0, 'sadness': 0.0, 'anger': 0.0, 'fear': 0.0, 'surprise': 0.0, 'disgust': 0.0, 'contempt': 0.0, 'anxiety': 1.0, 'fatigue': 0.0, 'polite_smile': 0.0, 'distress': 0.0}",anxiety,1.0,medium
20260120_171417,1768900459.1291995,0.3,0.988,0.232,0.27,0.139,0.459,0.577,0.499,0.0,0.027,0.542,0.0,0.027,0.376,0.026,0.041,0.327,-0.998,0.0,0.0,"{'tension_score': 0.437, 'tension_level': 'medium', 'tension_sources': {'brow_furrow': 0.139, 'lip_compression': 0.376, 'eye_closure': 0.0, 'expression_instability': 0.01, 'emotional_influence': 0.3}}",{},"{'happy': 0.0, 'sadness': 0.0, 'anger': 0.0, 'fear': 0.0, 'surprise': 0.0, 'disgust': 0.0, 'contempt': 0.0, 'anxiety': 1.0, 'fatigue': 0.0, 'polite_smile': 0.0, 'distress': 0.0}",anxiety,1.0,medium
20260120_171417,1768900459.1555402,0.3,0.988,0.232,0.276,0.131,0.452,0.606,0.499,0.0,0.012,0.556,0.0,0.012,0.314,0.0,0.004,0.326,-0.998,0.0,0.0,"{'tension_score': 0.419, 'tension_level': 'medium', 'tension_sources': {'brow_furrow': 0.131, 'lip_compression': 0.314, 'eye_closure': 0.0, 'expression_instability': 0.009, 'emotional_influence': 0.3}}",{},"{'happy': 0.0, 'sadness': 0.0, 'anger': 0.0, 'fear': 0.0, 'surprise': 0.0, 'disgust': 0.0, 'contempt': 0.0, 'anxiety': 1.0, 'fatigue': 0.0, 'polite_smile': 0.0, 'distress': 0.0}",anxiety,1.0,medium
20260120_171417,1768900459.2008343,0.3,0.988,0.233,0.271,0.136,0.45,0.599,0.499,0.0,0.038,0.535,0.0,0.038,0.622,0.0,0.0,0.327,-0.998,0.0,0.0,"{'tension_score': 0.498, 'tension_level': 'medium', 'tension_sources': {'brow_furrow': 0.136, 'lip_compression': 0.622, 'eye_closure': 0.0, 'expression_instability': 0.012, 'emotional_influence': 0.3}}",{},"{'happy': 0.0, 'sadness': 0.0, 'anger': 0.0, 'fear': 0.0, 'surprise': 0.0, 'disgust': 0.0, 'contempt': 0.0, 'anxiety': 1.0, 'fatigue': 0.0, 'polite_smile': 0.0, 'distress': 0.0}",anxiety,1.0,medium
20260120_171417,1768900459.2288377,0.3,0.989,0.232,0.272,0.141,0.456,0.57,0.499,0.0,0.037,0.549,0.0,0.037,0.44,0.035,0.072,0.331,-0.998,0.0,0.0,"{'tension_score': 0.454, 'tension_level': 'medium', 'tension_sources': {'brow_furrow': 0.141, 'lip_compression': 0.44, 'eye_closure': 0.0, 'expression_instability': 0.013, 'emotional_influence': 0.3}}",{},"{'happy': 0.0, 'sadness': 0.0, 'anger': 0.0, 'fear': 0.0, 'surprise': 0.0, 'disgust': 0.0, 'contempt': 0.0, 'anxiety': 1.0, 'fatigue': 0.0, 'polite_smile': 0.0, 'distress': 0.0}",anxiety,1.0,medium
20260120_171417,1768900459.272035,0.3,0.988,0.235,0.28,0.144,0.453,0.575,0.499,0.0,0.041,0.556,0.0,0.041,0.229,0.034,0.078,0.331,-0.997,0.0,0.0,"{'tension_score': 0.403, 'tension_level': 'medium', 'tension_sources': {'brow_furrow': 0.144, 'lip_compression': 0.229, 'eye_closure': 0.0, 'expression_instability': 0.014, 'emotional_influence': 0.3}}",{},"{'happy': 0.0, 'sadness': 0.0, 'anger': 0.0, 'fear': 0.0, 'surprise': 0.0, 'disgust': 0.0, 'contempt': 0.0, 'anxiety': 1.0, 'fatigue': 0.0, 'polite_smile': 0.0, 'distress': 0.0}",anxiety,1.0,medium
20260120_171417,1768900459.29962,0.3,0.989,0.234,0.273,0.148,0.454,0.576,0.498,0.0,0.041,0.544,0.0,0.041,0.439,0.039,0.081,0.33,-0.997,0.0,0.0,"{'tension_score': 0.457, 'tension_level': 'medium', 'tension_sources': {'brow_furrow': 0.148, 'lip_compression': 0.439, 'eye_closure': 0.0, 'expression_instability': 0.015, 'emotional_influence': 0.3}}",{},"{'happy': 0.0, 'sadness': 0.0, 'anger': 0.0, 'fear': 0.0, 'surprise': 0.0, 'disgust': 0.0, 'contempt': 0.0, 'anxiety': 1.0, 'fatigue': 0.0, 'polite_smile': 0.0, 'distress': 0.0}",anxiety,1.0,medium
20260120_171417,1768900459.3296459,0.3,0.99,0.231,0.269,0.149,0.449,0.56,0.499,0.0,0.049,0.551,0.0,0.049,0.046,0.078,0.026,0.33,-0.997,0.0,0.0,"{'tension_score': 0.359, 'tension_level': 'medium', 'tension_sources': {'brow_furrow': 0.149, 'lip_compression': 0.046, 'eye_closure': 0.0, 'expression_instability': 0.016, 'emotional_influence': 0.3}}",{},"{'happy': 0.0, 'sadness': 0.0, 'anger': 0.0, 'fear': 0.0, 'surprise': 0.0, 'disgust': 0.0, 'contempt': 0.0, 'anxiety': 1.0, 'fatigue': 0.0, 'polite_smile': 0.0, 'distress': 0.0}",anxiety,1.0,medium
20260120_171417,1768900459.360519,0.3,0.991,0.225,0.264,0.143,0.451,0.556,0.499,0.0,0.043,0.581,0.0,0.043,0.0,0.214,0.23,0.329,-0.997,0.0,0.0,"{'tension_score': 0.346, 'tension_level': 'medium', 'tension_sources': {'brow_furrow': 0.143, 'lip_compression': 0.0, 'eye_closure': 0.0, 'expression_instability': 0.017, 'emotional_influence': 0.3}}",{},"{'happy': 0.0, 'sadness': 0.0, 'anger': 0.0, 'fear': 0.0, 'surprise': 0.0, 'disgust': 0.0, 'contempt': 0.0, 'anxiety': 1.0, 'fatigue': 0.0, 'polite_smile': 0.0, 'distress': 0.0}",anxiety,1.0,medium
20260120_171417,1768900459.3931327,0.3,0.991,0.223,0.261,0.13,0.455,0.557,0.498,0.0,0.0,0.655,0.0,0.0,0.0,0.279,0.428,0.327,-0.997,0.0,0.0,"{'tension_score': 0.094, 'tension_level': 'low', 'tension_sources': {'brow_furrow': 0.13, 'lip_compression': 0.0, 'eye_closure': 0.0, 'expression_instability': 0.017, 'emotional_influence': 0.053}}",{},"{'happy': 0.0, 'sadness': 0.0, 'anger': 0.0, 'fear': 0.0, 'surprise': 0.824, 'disgust': 0.0, 'contempt': 0.0, 'anxiety': 0.176, 'fatigue': 0.0, 'polite_smile': 0.0, 'distress': 0.0}",surprise,0.824,low
20260120_171417,1768900459.4229014,0.3,0.991,0.222,0.261,0.116,0.455,0.544,0.499,0.0,0.0,0.615,0.0,0.0,0.0,0.287,0.222,0.326,-0.998,0.0,0.0,"{'tension_score': 0.337, 'tension_level': 'medium', 'tension_sources': {'brow_furrow': 0.116, 'lip_compression': 0.0, 'eye_closure': 0.0, 'expression_instability': 0.017, 'emotional_influence': 0.3}}",{},"{'happy': 0.0, 'sadness': 0.0, 'anger': 0.0, 'fear': 0.0, 'surprise': 0.0, 'disgust': 0.0, 'contempt': 0.0, 'anxiety': 1.0, 'fatigue': 0.0, 'polite_smile': 0.0, 'distress': 0.0}",anxiety,1.0,medium
20260120_171417,1768900459.4675455,0.3,0.992,0.218,0.258,0.132,0.449,0.532,0.499,0.0,0.0,0.641,0.0,0.0,0.0,0.231,0.15,0.33,-0.998,0.0,0.0,"{'tension_score': 0.342, 'tension_level': 'medium', 'tension_sources': {'brow_furrow': 0.132, 'lip_compression': 0.0, 'eye_closure': 0.0, 'expression_instability': 0.017, 'emotional_influence': 0.3}}",{},"{'happy': 0.0, 'sadness': 0.0, 'anger': 0.0, 'fear': 0.0, 'surprise': 0.0, 'disgust': 0.0, 'contempt': 0.0, 'anxiety': 1.0, 'fatigue': 0.0, 'polite_smile': 0.0, 'distress': 0.0}",anxiety,1.0,medium
20260120_171417,1768900459.4962626,0.3,0.993,0.222,0.265,0.139,0.446,0.53,0.499,0.0,0.0,0.665,0.0,0.0,0.0,0.253,0.157,0.33,-0.997,0.0,0.0,"{'tension_score': 0.344, 'tension_level': 'medium', 'tension_sources': {'brow_furrow': 0.139, 'lip_compression': 0.0, 'eye_closure': 0.0, 'expression_instability': 0.017, 'emotional_influence': 0.3}}",{},"{'happy': 0.0, 'sadness': 0.0, 'anger': 0.0, 'fear': 0.0, 'surprise': 0.0, 'disgust': 0.0, 'contempt': 0.0, 'anxiety': 1.0, 'fatigue': 0.0, 'polite_smile': 0.0, 'distress': 0.0}",anxiety,1.0,medium
20260120_171417,1768900459.537902,0.3,0.993,0.221,0.263,0.134,0.446,0.543,0.498,0.0,0.0,0.671,0.0,0.0,0.0,0.266,0.093,0.328,-0.998,0.0,0.0,"{'tension_score': 0.343, 'tension_level': 'medium', 'tension_sources': {'brow_furrow': 0.134, 'lip_compression': 0.0, 'eye_closure': 0.0, 'expression_instability': 0.017, 'emotional_influence': 0.3}}",{},"{'happy': 0.0, 'sadness': 0.0, 'anger': 0.0, 'fear': 0.0, 'surprise': 0.0, 'disgust': 0.0, 'contempt': 0.0, 'anxiety': 1.0, 'fatigue': 0.0, 'polite_smile': 0.0, 'distress': 0.0}",anxiety,1.0,medium
20260120_171417,1768900459.568612,0.3,0.993,0.229,0.272,0.131,0.441,0.565,0.498,0.0,0.0,0.642,0.0,0.0,0.0,0.247,0.066,0.325,-0.998,0.0,0.0,"{'tension_score': 0.342, 'tension_level': 'medium', 'tension_sources': {'brow_furrow': 0.131, 'lip_compression': 0.0, 'eye_closure': 0.0, 'expression_instability': 0.017, 'emotional_influence': 0.3}}",{},"{'happy': 0.0, 'sadness': 0.0, 'anger': 0.0, 'fear': 0.0, 'surprise': 0.0, 'disgust': 0.0, 'contempt': 0.0, 'anxiety': 1.0, 'fatigue': 0.0, 'polite_smile': 0.0, 'distress': 0.0}",anxiety,1.0,medium
20260120_171417,1768900459.5942907,0.3,0.994,0.223,0.262,0.14,0.439,0.538,0.498,0.0,0.0,0.638,0.0,0.0,0.0,0.23,0.104,0.328,-0.998,0.0,0.0,"{'tension_score': 0.345, 'tension_level': 'medium', 'tension_sources': {'brow_furrow': 0.14, 'lip_compression': 0.0, 'eye_closure': 0.0, 'expression_instability': 0.017, 'emotional_influence': 0.3}}",{},"{'happy': 0.0, 'sadness': 0.0, 'anger': 0.0, 'fear': 0.0, 'surprise': 0.0, 'disgust': 0.0, 'contempt': 0.0, 'anxiety': 1.0, 'fatigue': 0.0, 'polite_smile': 0.0, 'distress': 0.0}",anxiety,1.0,medium
20260120_171417,1768900459.6255648,0.3,0.994,0.23,0.274,0.138,0.443,0.553,0.498,0.0,0.0,0.652,0.0,0.0,0.0,0.251,0.16,0.328,-0.998,0.0,0.0,"{'tension_score': 0.344, 'tension_level': 'medium', 'tension_sources': {'brow_furrow': 0.138, 'lip_compression': 0.0, 'eye_closure': 0.0, 'expression_instability': 0.017, 'emotional_influence': 0.3}}",{},"{'happy': 0.0, 'sadness': 0.0, 'anger': 0.0, 'fear': 0.0, 'surprise': 0.0, 'disgust': 0.0, 'contempt': 0.0, 'anxiety': 1.0, 'fatigue': 0.0, 'polite_smile': 0.0, 'distress': 0.0}",anxiety,1.0,medium
20260120_171417,1768900459.663704,0.3,0.994,0.225,0.27,0.141,0.445,0.54,0.498,0.0,0.0,0.664,0.0,0.0,0.0,0.271,0.128,0.327,-0.998,0.0,0.0,"{'tension_score': 0.345, 'tension_level': 'medium', 'tension_sources': {'brow_furrow': 0.141, 'lip_compression': 0.0, 'eye_closure': 0.0, 'expression_instability': 0.017, 'emotional_influence': 0.3}}",{},"{'happy': 0.0, 'sadness': 0.0, 'anger': 0.0, 'fear': 0.0, 'surprise': 0.0, 'disgust': 0.0, 'contempt': 0.0, 'anxiety': 1.0, 'fatigue': 0.0, 'polite_smile': 0.0, 'distress': 0.0}",anxiety,1.0,medium
20260120_171417,1768900459.6909244,0.3,0.994,0.219,0.259,0.126,0.46,0.533,0.498,0.0,0.0,0.666,0.0,0.0,0.0,0.287,0.174,0.327,-0.998,0.0,0.0,"{'tension_score': 0.34, 'tension_level': 'medium', 'tension_sources': {'brow_furrow': 0.126, 'lip_compression': 0.0, 'eye_closure': 0.0, 'expression_instability': 0.017, 'emotional_influence': 0.3}}",{},"{'happy': 0.0, 'sadness': 0.0, 'anger': 0.0, 'fear': 0.0, 'surprise': 0.0, 'disgust': 0.0, 'contempt': 0.0, 'anxiety': 1.0, 'fatigue': 0.0, 'polite_smile': 0.0, 'distress': 0.0}",anxiety,1.0,medium
20260120_171417,1768900459.7213097,0.3,0.993,0.221,0.258,0.117,0.455,0.531,0.498,0.0,0.0,0.712,0.0,0.0,0.0,0.261,0.198,0.322,-0.998,0.0,0.0,"{'tension_score': 0.338, 'tension_level': 'medium', 'tension_sources': {'brow_furrow': 0.117, 'lip_compression': 0.0, 'eye_closure': 0.0, 'expression_instability': 0.017, 'emotional_influence': 0.3}}",{},"{'happy': 0.0, 'sadness': 0.0, 'anger': 0.0, 'fear': 0.0, 'surprise': 0.0, 'disgust': 0.0, 'contempt': 0.0, 'anxiety': 1.0, 'fatigue': 0.0, 'polite_smile': 0.0, 'distress': 0.0}",anxiety,1.0,medium
20260120_171417,1768900459.7515776,0.3,0.992,0.215,0.254,0.11,0.46,0.522,0.499,0.0,0.0,0.725,0.0,0.0,0.0,0.262,0.223,0.322,-0.998,0.0,0.0,"{'tension_score': 0.336, 'tension_level': 'medium', 'tension_sources': {'brow_furrow': 0.11, 'lip_compression': 0.0, 'eye_closure': 0.0, 'expression_instability': 0.017, 'emotional_influence': 0.3}}",{},"{'happy': 0.0, 'sadness': 0.0, 'anger': 0.0, 'fear': 0.0, 'surprise': 0.0, 'disgust': 0.0, 'contempt': 0.0, 'anxiety': 1.0, 'fatigue': 0.0, 'polite_smile': 0.0, 'distress': 0.0}",anxiety,1.0,medium
20260120_171417,1768900459.789522,0.3,0.993,0.212,0.25,0.1,0.464,0.546,0.499,0.0,0.0,0.744,0.0,0.0,0.0,0.277,0.223,0.319,-0.998,0.0,0.0,"{'tension_score': 0.333, 'tension_level': 'medium', 'tension_sources': {'brow_furrow': 0.1, 'lip_compression': 0.0, 'eye_closure': 0.0, 'expression_instability': 0.017, 'emotional_influence': 0.3}}",{},"{'happy': 0.0, 'sadness': 0.0, 'anger': 0.0, 'fear': 0.0, 'surprise': 0.0, 'disgust': 0.0, 'contempt': 0.0, 'anxiety': 1.0, 'fatigue': 0.0, 'polite_smile': 0.0, 'distress': 0.0}",anxiety,1.0,medium
20260120_171417,1768900459.8243604,0.3,0.992,0.214,0.255,0.107,0.458,0.544,0.498,0.0,0.0,0.736,0.0,0.0,0.0,0.279,0.148,0.32,-0.998,0.0,0.0,"{'tension_score': 0.335, 'tension_level': 'medium', 'tension_sources': {'brow_furrow': 0.107, 'lip_compression': 0.0, 'eye_closure': 0.0, 'expression_instability': 0.016, 'emotional_influence': 0.3}}",{},"{'happy': 0.0, 'sadness': 0.0, 'anger': 0.0, 'fear': 0.0, 'surprise': 0.0, 'disgust': 0.0, 'contempt': 0.0, 'anxiety': 1.0, 'fatigue': 0.0, 'polite_smile': 0.0, 'distress': 0.0}",anxiety,1.0,medium
20260120_171417,1768900459.8589864,0.3,0.992,0.211,0.246,0.113,0.463,0.538,0.498,0.0,0.0,0.717,0.0,0.0,0.0,0.281,0.093,0.323,-0.999,0.0,0.0,"{'tension_score': 0.336, 'tension_level': 'medium', 'tension_sources': {'brow_furrow': 0.113, 'lip_compression': 0.0, 'eye_closure': 0.0, 'expression_instability': 0.016, 'emotional_influence': 0.3}}",{},"{'happy': 0.0, 'sadness': 0.0, 'anger': 0.0, 'fear': 0.0, 'surprise': 0.0, 'disgust': 0.0, 'contempt': 0.0, 'anxiety': 1.0, 'fatigue': 0.0, 'polite_smile': 0.0, 'distress': 0.0}",anxiety,1.0,medium
20260120_171417,1768900459.9025261,0.3,0.99,0.207,0.245,0.107,0.462,0.542,0.498,0.0,0.0,0.73,0.0,0.0,0.0,0.266,0.0,0.325,-0.999,0.0,0.0,"{'tension_score': 0.335, 'tension_level': 'medium', 'tension_sources': {'brow_furrow': 0.107, 'lip_compression': 0.0, 'eye_closure': 0.0, 'expression_instability': 0.016, 'emotional_influence': 0.3}}",{},"{'happy': 0.0, 'sadness': 0.0, 'anger': 0.0, 'fear': 0.0, 'surprise': 0.0, 'disgust': 0.0, 'contempt': 0.0, 'anxiety': 1.0, 'fatigue': 0.0, 'polite_smile': 0.0, 'distress': 0.0}",anxiety,1.0,medium
20260120_171417,1768900459.9403622,0.3,0.984,0.211,0.246,0.119,0.458,0.556,0.497,0.0,0.0,0.721,0.0,0.0,0.0,0.178,0.0,0.326,-0.999,0.0,0.0,"{'tension_score': 0.338, 'tension_level': 'medium', 'tension_sources': {'brow_furrow': 0.119, 'lip_compression': 0.0, 'eye_closure': 0.0, 'expression_instability': 0.016, 'emotional_influence': 0.3}}",{},"{'happy': 0.0, 'sadness': 0.0, 'anger': 0.0, 'fear': 0.0, 'surprise': 0.0, 'disgust': 0.0, 'contempt': 0.0, 'anxiety': 1.0, 'fatigue': 0.0, 'polite_smile': 0.0, 'distress': 0.0}",anxiety,1.0,medium
20260120_171417,1768900459.971333,0.3,0.982,0.218,0.256,0.11,0.454,0.573,0.495,0.0,0.045,0.705,0.0,0.045,0.0,0.092,0.0,0.319,-0.999,0.0,0.0,"{'tension_score': 0.336, 'tension_level': 'medium', 'tension_sources': {'brow_furrow': 0.11, 'lip_compression': 0.0, 'eye_closure': 0.0, 'expression_instability': 0.017, 'emotional_influence': 0.3}}",{},"{'happy': 0.0, 'sadness': 0.0, 'anger': 0.0, 'fear': 0.0, 'surprise': 0.0, 'disgust': 0.0, 'contempt': 0.0, 'anxiety': 1.0, 'fatigue': 0.0, 'polite_smile': 0.0, 'distress': 0.0}",anxiety,1.0,medium
20260120_171417,1768900459.9957068,0.3,0.982,0.219,0.261,0.11,0.465,0.564,0.495,0.0,0.06,0.795,0.0,0.06,0.0,0.154,0.073,0.315,-0.999,0.0,0.0,"{'tension_score': 0.336, 'tension_level': 'medium', 'tension_sources': {'brow_furrow': 0.11, 'lip_compression': 0.0, 'eye_closure': 0.0, 'expression_instability': 0.018, 'emotional_influence': 0.3}}",{},"{'happy': 0.0, 'sadness': 0.0, 'anger': 0.0, 'fear': 0.0, 'surprise': 0.0, 'disgust': 0.0, 'contempt': 0.0, 'anxiety': 1.0, 'fatigue': 0.0, 'polite_smile': 0.0, 'distress': 0.0}",anxiety,1.0,medium
20260120_171417,1768900460.032833,0.3,0.984,0.22,0.254,0.089,0.465,0.571,0.493,0.0,0.189,0.925,0.0,0.189,0.0,0.208,0.57,0.3,-0.999,0.0,0.0,"{'tension_score': 0.086, 'tension_level': 'low', 'tension_sources': {'brow_furrow': 0.089, 'lip_compression': 0.0, 'eye_closure': 0.0, 'expression_instability': 0.034, 'emotional_influence': 0.055}}",{},"{'happy': 0.171, 'sadness': 0.0, 'anger': 0.0, 'fear': 0.182, 'surprise': 0.182, 'disgust': 0.0, 'contempt': 0.366, 'anxiety': 0.0, 'fatigue': 0.0, 'polite_smile': 0.099, 'distress': 0.0}",contempt,0.366,low
20260120_171417,1768900460.0647547,0.3,0.989,0.216,0.254,0.062,0.476,0.591,0.495,0.0,0.282,0.935,0.0,0.282,0.0,0.298,0.952,0.3,-0.999,0.0,0.0,"{'tension_score': 0.088, 'tension_level': 'low', 'tension_sources': {'brow_furrow': 0.062, 'lip_compression': 0.0, 'eye_closure': 0.0, 'expression_instability': 0.054, 'emotional_influence': 0.061}}",{},"{'happy': 0.164, 'sadness': 0.0, 'anger': 0.0, 'fear': 0.205, 'surprise': 0.205, 'disgust': 0.0, 'contempt': 0.303, 'anxiety': 0.0, 'fatigue': 0.0, 'polite_smile': 0.122, 'distress': 0.0}",contempt,0.303,low
20260120_171417,1768900460.0921507,0.3,0.988,0.22,0.254,0.058,0.47,0.594,0.493,0.0,0.336,1.0,0.0,0.336,0.0,0.281,1.162,0.294,-0.999,0.0,0.0,"{'tension_score': 0.093, 'tension_level': 'low', 'tension_sources': {'brow_furrow': 0.058, 'lip_compression': 0.0, 'eye_closure': 0.0, 'expression_instability': 0.072, 'emotional_influence': 0.065}}",{},"{'happy': 0.159, 'sadness': 0.0, 'anger': 0.0, 'fear': 0.216, 'surprise': 0.216, 'disgust': 0.0, 'contempt': 0.277, 'anxiety': 0.0, 'fatigue': 0.0, 'polite_smile': 0.133, 'distress': 0.0}",contempt,0.277,low
20260120_171417,1768900460.1225617,0.3,0.989,0.222,0.26,0.066,0.468,0.581,0.491,0.0,0.344,1.0,0.0,0.344,0.0,0.263,1.03,0.289,-0.999,0.0,0.0,"{'tension_score': 0.094, 'tension_level': 'low', 'tension_sources': {'brow_furrow': 0.066, 'lip_compression': 0.0, 'eye_closure': 0.0, 'expression_instability': 0.086, 'emotional_influence': 0.061}}",{},"{'happy': 0.165, 'sadness': 0.0, 'anger': 0.0, 'fear': 0.205, 'surprise': 0.205, 'disgust': 0.0, 'contempt': 0.285, 'anxiety': 0.0, 'fatigue': 0.0, 'polite_smile': 0.14, 'distress': 0.0}",contempt,0.285,low
20260120_171417,1768900460.156263,0.3,0.987,0.225,0.266,0.067,0.457,0.561,0.488,0.0,0.327,1.0,0.0,0.327,0.0,0.206,0.924,0.279,-1.0,0.0,0.0,"{'tension_score': 0.094, 'tension_level': 'low', 'tension_sources': {'brow_furrow': 0.067, 'lip_compression': 0.0, 'eye_closure': 0.0, 'expression_instability': 0.096, 'emotional_influence': 0.06}}",{},"{'happy': 0.166, 'sadness': 0.0, 'anger': 0.0, 'fear': 0.2, 'surprise': 0.2, 'disgust': 0.0, 'contempt': 0.296, 'anxiety': 0.0, 'fatigue': 0.0, 'polite_smile': 0.139, 'distress': 0.0}",contempt,0.296,low
20260120_171417,1768900460.1844375,0.3,0.983,0.225,0.261,0.069,0.441,0.57,0.489,0.0,0.267,0.951,0.0,0.267,0.0,0.141,0.547,0.287,-1.0,0.0,0.0,"{'tension_score': 0.087, 'tension_level': 'low', 'tension_sources': {'brow_furrow': 0.069, 'lip_compression': 0.0, 'eye_closure': 0.0, 'expression_instability': 0.101, 'emotional_influence': 0.051}}",{},"{'happy': 0.176, 'sadness': 0.0, 'anger': 0.0, 'fear': 0.171, 'surprise': 0.171, 'disgust': 0.0, 'contempt': 0.348, 'anxiety': 0.0, 'fatigue': 0.0, 'polite_smile': 0.133, 'distress': 0.0}",contempt,0.348,low
20260120_171417,1768900460.2159693,0.3,0.986,0.227,0.265,0.058,0.428,0.554,0.493,0.0,0.138,0.846,0.0,0.138,0.0,0.124,0.098,0.284,-1.0,0.0,0.0,"{'tension_score': 0.032, 'tension_level': 'low', 'tension_sources': {'brow_furrow': 0.058, 'lip_compression': 0.0, 'eye_closure': 0.0, 'expression_instability': 0.1, 'emotional_influence': 0.0}}",{},"{'happy': 0.258, 'sadness': 0.0, 'anger': 0.0, 'fear': 0.0, 'surprise': 0.0, 'disgust': 0.0, 'contempt': 0.616, 'anxiety': 0.0, 'fatigue': 0.0, 'polite_smile': 0.126, 'distress': 0.0}",contempt,0.616,low
20260120_171417,1768900460.248496,0.3,0.987,0.218,0.259,0.058,0.434,0.562,0.497,0.0,0.086,0.759,0.0,0.086,0.0,0.045,0.0,0.295,-1.0,0.0,0.0,"{'tension_score': 0.032, 'tension_level': 'low', 'tension_sources': {'brow_furrow': 0.058, 'lip_compression': 0.0, 'eye_closure': 0.0, 'expression_instability': 0.099, 'emotional_influence': 0.0}}",{},"{'happy': 0.0, 'sadness': 0.0, 'anger': 0.0, 'fear': 0.0, 'surprise': 0.0, 'disgust': 0.0, 'contempt': 0.0, 'anxiety': 0.0, 'fatigue': 0.0, 'polite_smile': 0.0, 'distress': 0.0, 'neutral': 1.0}",neutral,1.0,low
20260120_171417,1768900460.3020828,0.3,0.988,0.225,0.269,0.047,0.444,0.55,0.497,0.0,0.04,0.764,0.0,0.04,0.0,0.03,0.0,0.294,-1.0,0.0,0.0,"{'tension_score': 0.029, 'tension_level': 'low', 'tension_sources': {'brow_furrow': 0.047, 'lip_compression': 0.0, 'eye_closure': 0.0, 'expression_instability': 0.098, 'emotional_influence': 0.0}}",{},"{'happy': 0.0, 'sadness': 0.0, 'anger': 0.0, 'fear': 0.0, 'surprise': 0.0, 'disgust': 0.0, 'contempt': 0.0, 'anxiety': 0.0, 'fatigue': 0.0, 'polite_smile': 0.0, 'distress': 0.0, 'neutral': 1.0}",neutral,1.0,low
20260120_171417,1768900460.34531,0.3,0.989,0.214,0.254,0.038,0.456,0.55,0.498,0.0,0.023,0.748,0.0,0.023,0.235,0.02,0.046,0.298,-1.0,0.0,0.0,"{'tension_score': 0.385, 'tension_level': 'medium', 'tension_sources': {'brow_furrow': 0.038, 'lip_compression': 0.235, 'eye_closure': 0.0, 'expression_instability': 0.097, 'emotional_influence': 0.3}}",{},"{'happy': 0.0, 'sadness': 0.0, 'anger': 0.0, 'fear': 0.0, 'surprise': 0.0, 'disgust': 0.0, 'contempt': 0.0, 'anxiety': 1.0, 'fatigue': 0.0, 'polite_smile': 0.0, 'distress': 0.0}",anxiety,1.0,medium
20260120_171417,1768900460.372163,0.3,0.989,0.209,0.251,0.022,0.459,0.552,0.498,0.0,0.005,0.792,0.0,0.005,0.0,0.069,0.063,0.295,-1.0,0.0,0.0,"{'tension_score': 0.021, 'tension_level': 'low', 'tension_sources': {'brow_furrow': 0.022, 'lip_compression': 0.0, 'eye_closure': 0.0, 'expression_instability': 0.096, 'emotional_influence': 0.0}}",{},"{'happy': 0.0, 'sadness': 0.0, 'anger': 0.0, 'fear': 0.0, 'surprise': 0.0, 'disgust': 0.0, 'contempt': 0.0, 'anxiety': 0.0, 'fatigue': 0.0, 'polite_smile': 0.0, 'distress': 0.0, 'neutral': 1.0}",neutral,1.0,low
20260120_171417,1768900460.398297,0.3,0.989,0.203,0.234,0.03,0.462,0.543,0.499,0.0,0.02,0.762,0.0,0.02,0.0,0.13,0.0,0.3,-1.0,0.0,0.0,"{'tension_score': 0.023, 'tension_level': 'low', 'tension_sources': {'brow_furrow': 0.03, 'lip_compression': 0.0, 'eye_closure': 0.0, 'expression_instability': 0.096, 'emotional_influence': 0.0}}",{},"{'happy': 0.0, 'sadness': 0.0, 'anger': 0.0, 'fear': 0.0, 'surprise': 0.0, 'disgust': 0.0, 'contempt': 0.0, 'anxiety': 0.0, 'fatigue': 0.0, 'polite_smile': 0.0, 'distress': 0.0, 'neutral': 1.0}",neutral,1.0,low
20260120_171417,1768900460.4273694,0.3,0.989,0.201,0.228,0.024,0.471,0.556,0.498,0.0,0.008,0.751,0.0,0.008,0.0,0.273,0.396,0.296,-1.0,0.0,0.0,"{'tension_score': 0.021, 'tension_level': 'low', 'tension_sources': {'brow_furrow': 0.024, 'lip_compression': 0.0, 'eye_closure': 0.0, 'expression_instability': 0.095, 'emotional_influence': 0.0}}",{},"{'happy': 0.0, 'sadness': 0.0, 'anger': 0.0, 'fear': 0.0, 'surprise': 1.0, 'disgust': 0.0, 'contempt': 0.0, 'anxiety': 0.0, 'fatigue': 0.0, 'polite_smile': 0.0, 'distress': 0.0}",surprise,1.0,low
20260120_171417,1768900460.4589167,0.3,0.993,0.203,0.225,0.007,0.472,0.543,0.498,0.0,0.007,0.731,0.0,0.007,0.0,0.339,0.611,0.29,-1.0,0.0,0.0,"{'tension_score': 0.166, 'tension_level': 'low', 'tension_sources': {'brow_furrow': 0.007, 'lip_compression': 0.0, 'eye_closure': 0.0, 'expression_instability': 0.094, 'emotional_influence': 0.15}}",{},"{'happy': 0.0, 'sadness': 0.0, 'anger': 0.0, 'fear': 0.5, 'surprise': 0.5, 'disgust': 0.0, 'contempt': 0.0, 'anxiety': 0.0, 'fatigue': 0.0, 'polite_smile': 0.0, 'distress': 0.0}",fear,0.5,low
20260120_171417,1768900460.485996,0.3,0.995,0.213,0.239,0.02,0.459,0.521,0.497,0.0,0.003,0.756,0.0,0.003,0.0,0.341,0.672,0.283,-1.0,0.0,0.0,"{'tension_score': 0.17, 'tension_level': 'low', 'tension_sources': {'brow_furrow': 0.02, 'lip_compression': 0.0, 'eye_closure': 0.0, 'expression_instability': 0.093, 'emotional_influence': 0.15}}",{},"{'happy': 0.0, 'sadness': 0.0, 'anger': 0.0, 'fear': 0.5, 'surprise': 0.5, 'disgust': 0.0, 'contempt': 0.0, 'anxiety': 0.0, 'fatigue': 0.0, 'polite_smile': 0.0, 'distress': 0.0}",fear,0.5,low
20260120_171417,1768900460.5238235,0.3,0.996,0.205,0.231,0.022,0.456,0.529,0.498,0.0,0.0,0.757,0.0,0.0,0.0,0.359,0.463,0.286,-1.0,0.0,0.0,"{'tension_score': 0.021, 'tension_level': 'low', 'tension_sources': {'brow_furrow': 0.022, 'lip_compression': 0.0, 'eye_closure': 0.0, 'expression_instability': 0.093, 'emotional_influence': 0.0}}",{},"{'happy': 0.0, 'sadness': 0.0, 'anger': 0.0, 'fear': 0.0, 'surprise': 1.0, 'disgust': 0.0, 'contempt': 0.0, 'anxiety': 0.0, 'fatigue': 0.0, 'polite_smile': 0.0, 'distress': 0.0}",surprise,1.0,low
20260120_171417,1768900460.5488417,0.3,0.995,0.209,0.241,0.033,0.453,0.53,0.498,0.0,0.0,0.752,0.0,0.0,0.0,0.351,0.443,0.284,-1.0,0.0,0.0,"{'tension_score': 0.024, 'tension_level': 'low', 'tension_sources': {'brow_furrow': 0.033, 'lip_compression': 0.0, 'eye_closure': 0.0, 'expression_instability': 0.092, 'emotional_influence': 0.0}}",{},"{'happy': 0.0, 'sadness': 0.0, 'anger': 0.0, 'fear': 0.0, 'surprise': 1.0, 'disgust': 0.0, 'contempt': 0.0, 'anxiety': 0.0, 'fatigue': 0.0, 'polite_smile': 0.0, 'distress': 0.0}",surprise,1.0,low
20260120_171417,1768900460.5929685,0.3,0.994,0.198,0.233,0.038,0.466,0.548,0.498,0.0,0.0,0.763,0.0,0.0,0.0,0.284,0.451,0.287,-1.0,0.0,0.0,"{'tension_score': 0.025, 'tension_level': 'low', 'tension_sources': {'brow_furrow': 0.038, 'lip_compression': 0.0, 'eye_closure': 0.0, 'expression_instability': 0.091, 'emotional_influence': 0.0}}",{},"{'happy': 0.0, 'sadness': 0.0, 'anger': 0.0, 'fear': 0.0, 'surprise': 1.0, 'disgust': 0.0, 'contempt': 0.0, 'anxiety': 0.0, 'fatigue': 0.0, 'polite_smile': 0.0, 'distress': 0.0}",surprise,1.0,low
20260120_171417,1768900460.6229403,0.3,0.994,0.203,0.233,0.029,0.468,0.543,0.498,0.0,0.0,0.79,0.0,0.0,0.0,0.215,0.31,0.289,-1.0,0.0,0.0,"{'tension_score': 0.022, 'tension_level': 'low', 'tension_sources': {'brow_furrow': 0.029, 'lip_compression': 0.0, 'eye_closure': 0.0, 'expression_instability': 0.091, 'emotional_influence': 0.0}}",{},"{'happy': 0.0, 'sadness': 0.0, 'anger': 0.0, 'fear': 0.0, 'surprise': 1.0, 'disgust': 0.0, 'contempt': 0.0, 'anxiety': 0.0, 'fatigue': 0.0, 'polite_smile': 0.0, 'distress': 0.0}",surprise,1.0,low
20260120_171417,1768900460.6561098,0.3,0.995,0.208,0.236,0.031,0.466,0.534,0.498,0.0,0.0,0.779,0.0,0.0,0.0,0.178,0.316,0.292,-1.0,0.0,0.0,"{'tension_score': 0.023, 'tension_level': 'low', 'tension_sources': {'brow_furrow': 0.031, 'lip_compression': 0.0, 'eye_closure': 0.0, 'expression_instability': 0.09, 'emotional_influence': 0.0}}",{},"{'happy': 0.0, 'sadness': 0.0, 'anger': 0.0, 'fear': 0.0, 'surprise': 1.0, 'disgust': 0.0, 'contempt': 0.0, 'anxiety': 0.0, 'fatigue': 0.0, 'polite_smile': 0.0, 'distress': 0.0}",surprise,1.0,low
20260120_171417,1768900460.6897733,0.3,0.995,0.205,0.235,0.012,0.466,0.548,0.498,0.0,0.0,0.774,0.0,0.0,0.0,0.144,0.212,0.291,-1.0,0.0,0.0,"{'tension_score': 0.017, 'tension_level': 'low', 'tension_sources': {'brow_furrow': 0.012, 'lip_compression': 0.0, 'eye_closure': 0.0, 'expression_instability': 0.09, 'emotional_influence': 0.0}}",{},"{'happy': 0.0, 'sadness': 0.0, 'anger': 0.0, 'fear': 0.0, 'surprise': 0.0, 'disgust': 0.0, 'contempt': 0.0, 'anxiety': 0.0, 'fatigue': 0.0, 'polite_smile': 0.0, 'distress': 0.0, 'neutral': 1.0}",neutral,1.0,low
20260120_171417,1768900460.7686853,0.3,0.997,0.213,0.239,0.023,0.455,0.547,0.497,0.0,0.0,0.819,0.0,0.0,0.0,0.168,0.295,0.285,-1.0,0.0,0.0,"{'tension_score': 0.02, 'tension_level': 'low', 'tension_sources': {'brow_furrow': 0.023, 'lip_compression': 0.0, 'eye_closure': 0.0, 'expression_instability': 0.089, 'emotional_influence': 0.0}}",{},"{'happy': 0.0, 'sadness': 0.0, 'anger': 0.0, 'fear': 0.0, 'surprise': 0.0, 'disgust': 0.0, 'contempt': 0.0, 'anxiety': 0.0, 'fatigue': 0.0, 'polite_smile': 0.0, 'distress': 0.0, 'neutral': 1.0}",neutral,1.0,low
20260120_171417,1768900460.7967246,0.3,0.996,0.208,0.239,0.027,0.455,0.544,0.496,0.0,0.0,0.777,0.0,0.0,0.0,0.161,0.19,0.287,-1.0,0.0,0.0,"{'tension_score': 0.021, 'tension_level': 'low', 'tension_sources': {'brow_furrow': 0.027, 'lip_compression': 0.0, 'eye_closure': 0.0, 'expression_instability': 0.088, 'emotional_influence': 0.0}}",{},"{'happy': 0.0, 'sadness': 0.0, 'anger': 0.0, 'fear': 0.0, 'surprise': 0.0, 'disgust': 0.0, 'contempt': 0.0, 'anxiety': 0.0, 'fatigue': 0.0, 'polite_smile': 0.0, 'distress': 0.0, 'neutral': 1.0}",neutral,1.0,low
20260120_171417,1768900460.8240328,0.3,0.995,0.208,0.234,0.026,0.454,0.548,0.497,0.0,0.018,0.764,0.0,0.018,0.0,0.191,0.173,0.286,-1.0,0.0,0.0,"{'tension_score': 0.021, 'tension_level': 'low', 'tension_sources': {'brow_furrow': 0.026, 'lip_compression': 0.0, 'eye_closure': 0.0, 'expression_instability': 0.088, 'emotional_influence': 0.0}}",{},"{'happy': 0.0, 'sadness': 0.0, 'anger': 0.0, 'fear': 0.0, 'surprise': 0.0, 'disgust': 0.0, 'contempt': 0.0, 'anxiety': 0.0, 'fatigue': 0.0, 'polite_smile': 0.0, 'distress': 0.0, 'neutral': 1.0}",neutral,1.0,low
20260120_171417,1768900460.8447702,0.3,0.993,0.203,0.23,0.044,0.459,0.562,0.498,0.0,0.039,0.717,0.0,0.039,0.0,0.191,0.156,0.29,-1.0,0.0,0.0,"{'tension_score': 0.026, 'tension_level': 'low', 'tension_sources': {'brow_furrow': 0.044, 'lip_compression': 0.0, 'eye_closure': 0.0, 'expression_instability': 0.087, 'emotional_influence': 0.0}}",{},"{'happy': 0.0, 'sadness': 0.0, 'anger': 0.0, 'fear': 0.0, 'surprise': 0.0, 'disgust': 0.0, 'contempt': 0.0, 'anxiety': 0.0, 'fatigue': 0.0, 'polite_smile': 0.0, 'distress': 0.0, 'neutral': 1.0}",neutral,1.0,low
20260120_171417,1768900460.8761754,0.3,0.994,0.191,0.212,0.048,0.461,0.565,0.498,0.0,0.039,0.704,0.0,0.039,0.0,0.195,0.313,0.299,-1.0,0.0,0.0,"{'tension_score': 0.027, 'tension_level': 'low', 'tension_sources': {'brow_furrow': 0.048, 'lip_compression': 0.0, 'eye_closure': 0.0, 'expression_instability': 0.086, 'emotional_influence': 0.0}}",{},"{'happy': 0.0, 'sadness': 0.0, 'anger': 0.0, 'fear': 0.0, 'surprise': 1.0, 'disgust': 0.0, 'contempt': 0.0, 'anxiety': 0.0, 'fatigue': 0.0, 'polite_smile': 0.0, 'distress': 0.0}",surprise,1.0,low
20260120_171417,1768900460.904569,0.3,0.992,0.195,0.217,0.059,0.455,0.574,0.498,0.0,0.071,0.669,0.0,0.071,0.0,0.232,0.238,0.304,-1.0,0.0,0.0,"{'tension_score': 0.031, 'tension_level': 'low', 'tension_sources': {'brow_furrow': 0.059, 'lip_compression': 0.0, 'eye_closure': 0.0, 'expression_instability': 0.086, 'emotional_influence': 0.0}}",{},"{'happy': 0.0, 'sadness': 0.0, 'anger': 0.0, 'fear': 0.0, 'surprise': 0.0, 'disgust': 0.0, 'contempt': 0.0, 'anxiety': 0.0, 'fatigue': 0.0, 'polite_smile': 0.0, 'distress': 0.0, 'neutral': 1.0}",neutral,1.0,low
20260120_171417,1768900460.9278586,0.3,0.993,0.195,0.212,0.064,0.457,0.589,0.498,0.0,0.078,0.628,0.0,0.078,0.0,0.254,0.299,0.306,-1.0,0.0,0.0,"{'tension_score': 0.032, 'tension_level': 'low', 'tension_sources': {'brow_furrow': 0.064, 'lip_compression': 0.0, 'eye_closure': 0.0, 'expression_instability': 0.085, 'emotional_influence': 0.0}}",{},"{'happy': 0.0, 'sadness': 0.0, 'anger': 0.0, 'fear': 0.0, 'surprise': 0.0, 'disgust': 0.0, 'contempt': 0.0, 'anxiety': 0.0, 'fatigue': 0.0, 'polite_smile': 0.0, 'distress': 0.0, 'neutral': 1.0}",neutral,1.0,low
20260120_171417,1768900460.9512181,0.3,0.992,0.198,0.213,0.054,0.467,0.575,0.499,0.0,0.075,0.636,0.0,0.075,0.0,0.256,0.285,0.304,-1.0,0.0,0.0,"{'tension_score': 0.029, 'tension_level': 'low', 'tension_sources': {'brow_furrow': 0.054, 'lip_compression': 0.0, 'eye_closure': 0.0, 'expression_instability': 0.085, 'emotional_influence': 0.0}}",{},"{'happy': 0.0, 'sadness': 0.0, 'anger': 0.0, 'fear': 0.0, 'surprise': 0.0, 'disgust': 0.0, 'contempt': 0.0, 'anxiety': 0.0, 'fatigue': 0.0, 'polite_smile': 0.0, 'distress': 0.0, 'neutral': 1.0}",neutral,1.0,low
20260120_171417,1768900460.9788687,0.3,0.991,0.2,0.225,0.051,0.465,0.59,0.498,0.0,0.069,0.634,0.0,0.069,0.0,0.251,0.263,0.3,-1.0,0.0,0.0,"{'tension_score': 0.028, 'tension_level': 'low', 'tension_sources': {'brow_furrow': 0.051, 'lip_compression': 0.0, 'eye_closure': 0.0, 'expression_instability': 0.084, 'emotional_influence': 0.0}}",{},"{'happy': 0.0, 'sadness': 0.0, 'anger': 0.0, 'fear': 0.0, 'surprise': 0.0, 'disgust': 0.0, 'contempt': 0.0, 'anxiety': 0.0, 'fatigue': 0.0, 'polite_smile': 0.0, 'distress': 0.0, 'neutral': 1.0}",neutral,1.0,low
20260120_171417,1768900461.0137582,0.3,0.993,0.2,0.226,0.051,0.461,0.596,0.498,0.0,0.068,0.664,0.0,0.068,0.0,0.211,0.309,0.298,-1.0,0.0,0.0,"{'tension_score': 0.028, 'tension_level': 'low', 'tension_sources': {'brow_furrow': 0.051, 'lip_compression': 0.0, 'eye_closure': 0.0, 'expression_instability': 0.083, 'emotional_influence': 0.0}}",{},"{'happy': 0.0, 'sadness': 0.0, 'anger': 0.0, 'fear': 0.0, 'surprise': 1.0, 'disgust': 0.0, 'contempt': 0.0, 'anxiety': 0.0, 'fatigue': 0.0, 'polite_smile': 0.0, 'distress': 0.0}",surprise,1.0,low
20260120_171417,1768900461.0491648,0.3,0.993,0.214,0.251,0.06,0.459,0.572,0.498,0.0,0.018,0.694,0.0,0.018,0.0,0.204,0.2,0.295,-0.999,0.0,0.0,"{'tension_score': 0.031, 'tension_level': 'low', 'tension_sources': {'brow_furrow': 0.06, 'lip_compression': 0.0, 'eye_closure': 0.0, 'expression_instability': 0.083, 'emotional_influence': 0.0}}",{},"{'happy': 0.0, 'sadness': 0.0, 'anger': 0.0, 'fear': 0.0, 'surprise': 0.0, 'disgust': 0.0, 'contempt': 0.0, 'anxiety': 0.0, 'fatigue': 0.0, 'polite_smile': 0.0, 'distress': 0.0, 'neutral': 1.0}",neutral,1.0,low
20260120_171417,1768900461.0890121,0.3,0.989,0.228,0.279,0.08,0.453,0.802,0.497,0.0,0.0,0.72,0.0,0.0,0.0,0.139,0.275,0.293,-0.999,0.378,0.0,"{'tension_score': 0.036, 'tension_level': 'low', 'tension_sources': {'brow_furrow': 0.08, 'lip_compression': 0.0, 'eye_closure': 0.0, 'expression_instability': 0.082, 'emotional_influence': 0.0}}",{},"{'happy': 0.0, 'sadness': 0.0, 'anger': 0.0, 'fear': 0.0, 'surprise': 0.0, 'disgust': 0.0, 'contempt': 0.0, 'anxiety': 0.0, 'fatigue': 0.0, 'polite_smile': 0.0, 'distress': 0.0, 'neutral': 1.0}",neutral,1.0,low
20260120_171417,1768900461.1674826,0.3,0.987,0.235,0.287,0.054,0.447,0.865,0.498,0.0,0.0,0.684,0.0,0.0,0.0,0.141,0.128,0.299,-0.999,0.735,0.033,"{'tension_score': 0.032, 'tension_level': 'low', 'tension_sources': {'brow_furrow': 0.054, 'lip_compression': 0.0, 'eye_closure': 0.017, 'expression_instability': 0.082, 'emotional_influence': 0.0}}",{},"{'happy': 0.0, 'sadness': 0.0, 'anger': 0.0, 'fear': 0.0, 'surprise': 0.0, 'disgust': 0.0, 'contempt': 0.0, 'anxiety': 0.0, 'fatigue': 1.0, 'polite_smile': 0.0, 'distress': 0.0}",fatigue,1.0,low
20260120_171417,1768900461.1934202,0.3,0.989,0.233,0.284,0.114,0.435,0.774,0.497,0.0,0.047,0.6,0.0,0.047,0.0,0.163,0.145,0.302,-0.998,0.714,0.0,"{'tension_score': 0.346, 'tension_level': 'medium', 'tension_sources': {'brow_furrow': 0.114, 'lip_compression': 0.0, 'eye_closure': 0.0, 'expression_instability': 0.081, 'emotional_influence': 0.3}}",{},"{'happy': 0.0, 'sadness': 0.0, 'anger': 0.0, 'fear': 0.0, 'surprise': 0.0, 'disgust': 0.0, 'contempt': 0.0, 'anxiety': 1.0, 'fatigue': 0.0, 'polite_smile': 0.0, 'distress': 0.0}",anxiety,1.0,medium
20260120_171417,1768900461.2214098,0.3,0.989,0.233,0.287,0.13,0.431,0.78,0.498,0.0,0.039,0.601,0.0,0.039,0.0,0.164,0.119,0.307,-0.998,0.694,0.0,"{'tension_score': 0.351, 'tension_level': 'medium', 'tension_sources': {'brow_furrow': 0.13, 'lip_compression': 0.0, 'eye_closure': 0.0, 'expression_instability': 0.081, 'emotional_influence': 0.3}}",{},"{'happy': 0.0, 'sadness': 0.0, 'anger': 0.0, 'fear': 0.0, 'surprise': 0.0, 'disgust': 0.0, 'contempt': 0.0, 'anxiety': 1.0, 'fatigue': 0.0, 'polite_smile': 0.0, 'distress': 0.0}",anxiety,1.0,medium
20260120_171417,1768900461.254741,0.3,0.988,0.238,0.29,0.138,0.451,0.608,0.498,0.0,0.026,0.583,0.0,0.026,0.0,0.228,0.103,0.311,-0.998,0.676,0.0,"{'tension_score': 0.354, 'tension_level': 'medium', 'tension_sources': {'brow_furrow': 0.138, 'lip_compression': 0.0, 'eye_closure': 0.0, 'expression_instability': 0.08, 'emotional_influence': 0.3}}",{},"{'happy': 0.0, 'sadness': 0.0, 'anger': 0.0, 'fear': 0.0, 'surprise': 0.0, 'disgust': 0.0, 'contempt': 0.0, 'anxiety': 1.0, 'fatigue': 0.0, 'polite_smile': 0.0, 'distress': 0.0}",anxiety,1.0,medium
20260120_171417,1768900461.2870674,0.3,0.989,0.225,0.267,0.14,0.449,0.598,0.498,0.0,0.065,0.553,0.0,0.065,0.0,0.249,0.378,0.316,-0.998,0.657,0.0,"{'tension_score': 0.112, 'tension_level': 'low', 'tension_sources': {'brow_furrow': 0.14, 'lip_compression': 0.0, 'eye_closure': 0.0, 'expression_instability': 0.08, 'emotional_influence': 0.058}}",{},"{'happy': 0.0, 'sadness': 0.0, 'anger': 0.0, 'fear': 0.0, 'surprise': 0.806, 'disgust': 0.0, 'contempt': 0.0, 'anxiety': 0.194, 'fatigue': 0.0, 'polite_smile': 0.0, 'distress': 0.0}",surprise,0.806,low
20260120_171417,1768900461.3241339,0.3,0.988,0.233,0.272,0.126,0.45,0.573,0.498,0.0,0.066,0.543,0.0,0.066,0.0,0.275,0.451,0.311,-0.998,0.64,0.0,"{'tension_score': 0.099, 'tension_level': 'low', 'tension_sources': {'brow_furrow': 0.126, 'lip_compression': 0.0, 'eye_closure': 0.0, 'expression_instability': 0.079, 'emotional_influence': 0.05}}",{},"{'happy': 0.0, 'sadness': 0.0, 'anger': 0.0, 'fear': 0.0, 'surprise': 0.835, 'disgust': 0.0, 'contempt': 0.0, 'anxiety': 0.165, 'fatigue': 0.0, 'polite_smile': 0.0, 'distress': 0.0}",surprise,0.835,low
20260120_171417,1768900461.3505476,0.3,0.987,0.229,0.27,0.132,0.446,0.582,0.498,0.0,0.068,0.56,0.0,0.068,0.0,0.24,0.349,0.312,-0.998,0.623,0.0,"{'tension_score': 0.109, 'tension_level': 'low', 'tension_sources': {'brow_furrow': 0.132, 'lip_compression': 0.0, 'eye_closure': 0.0, 'expression_instability': 0.079, 'emotional_influence': 0.057}}",{},"{'happy': 0.0, 'sadness': 0.0, 'anger': 0.0, 'fear': 0.0, 'surprise': 0.81, 'disgust': 0.0, 'contempt': 0.0, 'anxiety': 0.19, 'fatigue': 0.0, 'polite_smile': 0.0, 'distress': 0.0}",surprise,0.81,low
20260120_171417,1768900461.3838072,0.3,0.986,0.236,0.276,0.131,0.438,0.558,0.498,0.0,0.031,0.594,0.0,0.031,0.0,0.135,0.018,0.307,-0.998,0.607,0.0,"{'tension_score': 0.351, 'tension_level': 'medium', 'tension_sources': {'brow_furrow': 0.131, 'lip_compression': 0.0, 'eye_closure': 0.0, 'expression_instability': 0.078, 'emotional_influence': 0.3}}",{},"{'happy': 0.0, 'sadness': 0.0, 'anger': 0.0, 'fear': 0.0, 'surprise': 0.0, 'disgust': 0.0, 'contempt': 0.0, 'anxiety': 1.0, 'fatigue': 0.0, 'polite_smile': 0.0, 'distress': 0.0}",anxiety,1.0,medium
20260120_171417,1768900461.4127295,0.3,0.986,0.236,0.287,0.128,0.444,0.555,0.498,0.0,0.035,0.652,0.0,0.035,0.0,0.097,0.11,0.302,-0.998,0.592,0.0,"{'tension_score': 0.35, 'tension_level': 'medium', 'tension_sources': {'brow_furrow': 0.128, 'lip_compression': 0.0, 'eye_closure': 0.0, 'expression_instability': 0.078, 'emotional_influence': 0.3}}",{},"{'happy': 0.0, 'sadness': 0.0, 'anger': 0.0, 'fear': 0.0, 'surprise': 0.0, 'disgust': 0.0, 'contempt': 0.0, 'anxiety': 1.0, 'fatigue': 0.0, 'polite_smile': 0.0, 'distress': 0.0}",anxiety,1.0,medium
20260120_171417,1768900461.430803,0.3,0.985,0.231,0.287,0.137,0.451,0.552,0.497,0.0,0.015,0.675,0.0,0.015,0.0,0.295,0.199,0.302,-0.998,0.577,0.0,"{'tension_score': 0.353, 'tension_level': 'medium', 'tension_sources': {'brow_furrow': 0.137, 'lip_compression': 0.0, 'eye_closure': 0.0, 'expression_instability': 0.077, 'emotional_influence': 0.3}}",{},"{'happy': 0.0, 'sadness': 0.0, 'anger': 0.0, 'fear': 0.0, 'surprise': 0.0, 'disgust': 0.0, 'contempt': 0.0, 'anxiety': 1.0, 'fatigue': 0.0, 'polite_smile': 0.0, 'distress': 0.0}",anxiety,1.0,medium
20260120_171417,1768900461.4512181,0.3,0.982,0.229,0.289,0.145,0.457,0.534,0.496,0.0,0.044,0.63,0.0,0.044,0.0,0.39,0.788,0.299,-0.997,0.562,0.0,"{'tension_score': 0.194, 'tension_level': 'low', 'tension_sources': {'brow_furrow': 0.145, 'lip_compression': 0.0, 'eye_closure': 0.0, 'expression_instability': 0.077, 'emotional_influence': 0.139}}",{},"{'happy': 0.0, 'sadness': 0.0, 'anger': 0.0, 'fear': 0.462, 'surprise': 0.462, 'disgust': 0.0, 'contempt': 0.0, 'anxiety': 0.077, 'fatigue': 0.0, 'polite_smile': 0.0, 'distress': 0.0}",fear,0.462,low
20260120_171417,1768900461.4812207,0.3,0.984,0.24,0.299,0.146,0.445,0.527,0.496,0.0,0.053,0.608,0.0,0.053,0.0,0.447,0.802,0.295,-0.998,0.549,0.0,"{'tension_score': 0.194, 'tension_level': 'low', 'tension_sources': {'brow_furrow': 0.146, 'lip_compression': 0.0, 'eye_closure': 0.0, 'expression_instability': 0.076, 'emotional_influence': 0.139}}",{},"{'happy': 0.0, 'sadness': 0.0, 'anger': 0.0, 'fear': 0.462, 'surprise': 0.462, 'disgust': 0.0, 'contempt': 0.0, 'anxiety': 0.076, 'fatigue': 0.0, 'polite_smile': 0.0, 'distress': 0.0}",fear,0.462,low
20260120_171417,1768900461.515716,0.3,0.985,0.235,0.297,0.149,0.441,0.521,0.496,0.0,0.052,0.609,0.0,0.052,0.0,0.469,0.769,0.297,-0.997,0.535,0.0,"{'tension_score': 0.194, 'tension_level': 'low', 'tension_sources': {'brow_furrow': 0.149, 'lip_compression': 0.0, 'eye_closure': 0.0, 'expression_instability': 0.076, 'emotional_influence': 0.138}}",{},"{'happy': 0.0, 'sadness': 0.0, 'anger': 0.0, 'fear': 0.46, 'surprise': 0.46, 'disgust': 0.0, 'contempt': 0.0, 'anxiety': 0.079, 'fatigue': 0.0, 'polite_smile': 0.0, 'distress': 0.0}",fear,0.46,low
20260120_171417,1768900461.5952988,0.3,0.982,0.237,0.296,0.135,0.429,0.593,0.498,0.0,0.034,0.628,0.0,0.034,0.0,0.399,0.642,0.302,-0.997,0.523,0.0,"{'tension_score': 0.19, 'tension_level': 'low', 'tension_sources': {'brow_furrow': 0.135, 'lip_compression': 0.0, 'eye_closure': 0.0, 'expression_instability': 0.076, 'emotional_influence': 0.138}}",{},"{'happy': 0.0, 'sadness': 0.0, 'anger': 0.0, 'fear': 0.46, 'surprise': 0.46, 'disgust': 0.0, 'contempt': 0.0, 'anxiety': 0.08, 'fatigue': 0.0, 'polite_smile': 0.0, 'distress': 0.0}",fear,0.46,low
20260120_171417,1768900461.6221962,0.3,0.982,0.239,0.299,0.142,0.431,0.576,0.497,0.0,0.032,0.63,0.0,0.032,0.0,0.379,0.653,0.3,-0.997,0.51,0.0,"{'tension_score': 0.192, 'tension_level': 'low', 'tension_sources': {'brow_furrow': 0.142, 'lip_compression': 0.0, 'eye_closure': 0.0, 'expression_instability': 0.075, 'emotional_influence': 0.138}}",{},"{'happy': 0.0, 'sadness': 0.0, 'anger': 0.0, 'fear': 0.459, 'surprise': 0.459, 'disgust': 0.0, 'contempt': 0.0, 'anxiety': 0.082, 'fatigue': 0.0, 'polite_smile': 0.0, 'distress': 0.0}",fear,0.459,low
20260120_171417,1768900461.659501,0.3,0.984,0.237,0.289,0.136,0.434,0.559,0.498,0.0,0.059,0.613,0.0,0.059,0.0,0.374,0.414,0.305,-0.997,0.498,0.0,"{'tension_score': 0.106, 'tension_level': 'low', 'tension_sources': {'brow_furrow': 0.136, 'lip_compression': 0.0, 'eye_closure': 0.0, 'expression_instability': 0.075, 'emotional_influence': 0.054}}",{},"{'happy': 0.0, 'sadness': 0.0, 'anger': 0.0, 'fear': 0.0, 'surprise': 0.821, 'disgust': 0.0, 'contempt': 0.0, 'anxiety': 0.179, 'fatigue': 0.0, 'polite_smile': 0.0, 'distress': 0.0}",surprise,0.821,low
20260120_171417,1768900461.6919749,0.3,0.984,0.233,0.286,0.13,0.434,0.566,0.497,0.0,0.062,0.648,0.0,0.062,0.0,0.326,0.478,0.302,-0.997,0.487,0.0,"{'tension_score': 0.099, 'tension_level': 'low', 'tension_sources': {'brow_furrow': 0.13, 'lip_compression': 0.0, 'eye_closure': 0.0, 'expression_instability': 0.074, 'emotional_influence': 0.049}}",{},"{'happy': 0.0, 'sadness': 0.0, 'anger': 0.0, 'fear': 0.0, 'surprise': 0.836, 'disgust': 0.0, 'contempt': 0.0, 'anxiety': 0.164, 'fatigue': 0.0, 'polite_smile': 0.0, 'distress': 0.0}",surprise,0.836,low
20260120_171417,1768900461.720581,0.3,0.984,0.231,0.281,0.121,0.436,0.553,0.497,0.0,0.083,0.624,0.0,0.083,0.0,0.288,0.293,0.301,-0.997,0.476,0.0,"{'tension_score': 0.347, 'tension_level': 'medium', 'tension_sources': {'brow_furrow': 0.121, 'lip_compression': 0.0, 'eye_closure': 0.0, 'expression_instability': 0.074, 'emotional_influence': 0.3}}",{},"{'happy': 0.0, 'sadness': 0.0, 'anger': 0.0, 'fear': 0.0, 'surprise': 0.0, 'disgust': 0.0, 'contempt': 0.0, 'anxiety': 1.0, 'fatigue': 0.0, 'polite_smile': 0.0, 'distress': 0.0}",anxiety,1.0,medium
20260120_171417,1768900461.7536228,0.3,0.984,0.234,0.285,0.125,0.442,0.537,0.498,0.0,0.078,0.629,0.0,0.078,0.0,0.27,0.394,0.302,-0.997,0.465,0.0,"{'tension_score': 0.099, 'tension_level': 'low', 'tension_sources': {'brow_furrow': 0.125, 'lip_compression': 0.0, 'eye_closure': 0.0, 'expression_instability': 0.074, 'emotional_influence': 0.051}}",{},"{'happy': 0.0, 'sadness': 0.0, 'anger': 0.0, 'fear': 0.0, 'surprise': 0.83, 'disgust': 0.0, 'contempt': 0.0, 'anxiety': 0.17, 'fatigue': 0.0, 'polite_smile': 0.0, 'distress': 0.0}",surprise,0.83,low
20260120_171417,1768900461.7899315,0.3,0.984,0.24,0.288,0.113,0.437,0.545,0.497,0.0,0.082,0.63,0.0,0.082,0.0,0.294,0.385,0.295,-0.997,0.454,0.0,"{'tension_score': 0.092, 'tension_level': 'low', 'tension_sources': {'brow_furrow': 0.113, 'lip_compression': 0.0, 'eye_closure': 0.0, 'expression_instability': 0.073, 'emotional_influence': 0.047}}",{},"{'happy': 0.0, 'sadness': 0.0, 'anger': 0.0, 'fear': 0.0, 'surprise': 0.843, 'disgust': 0.0, 'contempt': 0.0, 'anxiety': 0.157, 'fatigue': 0.0, 'polite_smile': 0.0, 'distress': 0.0}",surprise,0.843,low
20260120_171417,1768900461.8186958,0.3,0.985,0.239,0.29,0.113,0.43,0.541,0.497,0.0,0.08,0.638,0.0,0.08,0.0,0.328,0.398,0.289,-0.997,0.444,0.0,"{'tension_score': 0.091, 'tension_level': 'low', 'tension_sources': {'brow_furrow': 0.113, 'lip_compression': 0.0, 'eye_closure': 0.0, 'expression_instability': 0.073, 'emotional_influence': 0.046}}",{},"{'happy': 0.0, 'sadness': 0.0, 'anger': 0.0, 'fear': 0.0, 'surprise': 0.846, 'disgust': 0.0, 'contempt': 0.0, 'anxiety': 0.154, 'fatigue': 0.0, 'polite_smile': 0.0, 'distress': 0.0}",surprise,0.846,low
20260120_171417,1768900461.844994,0.3,0.984,0.231,0.282,0.108,0.43,0.552,0.496,0.0,0.07,0.626,0.0,0.07,0.0,0.358,0.573,0.29,-0.998,0.435,0.0,"{'tension_score': 0.183, 'tension_level': 'low', 'tension_sources': {'brow_furrow': 0.108, 'lip_compression': 0.0, 'eye_closure': 0.0, 'expression_instability': 0.073, 'emotional_influence': 0.14}}",{},"{'happy': 0.0, 'sadness': 0.0, 'anger': 0.0, 'fear': 0.465, 'surprise': 0.465, 'disgust': 0.0, 'contempt': 0.0, 'anxiety': 0.069, 'fatigue': 0.0, 'polite_smile': 0.0, 'distress': 0.0}",fear,0.465,low
20260120_171417,1768900461.8740623,0.3,0.985,0.238,0.283,0.11,0.434,0.54,0.496,0.0,0.062,0.649,0.0,0.062,0.0,0.36,0.594,0.288,-0.998,0.425,0.0,"{'tension_score': 0.184, 'tension_level': 'low', 'tension_sources': {'brow_furrow': 0.11, 'lip_compression': 0.0, 'eye_closure': 0.0, 'expression_instability': 0.073, 'emotional_influence': 0.14}}",{},"{'happy': 0.0, 'sadness': 0.0, 'anger': 0.0, 'fear': 0.465, 'surprise': 0.465, 'disgust': 0.0, 'contempt': 0.0, 'anxiety': 0.069, 'fatigue': 0.0, 'polite_smile': 0.0, 'distress': 0.0}",fear,0.465,low
20260120_171417,1768900461.9014802,0.3,0.987,0.232,0.287,0.117,0.437,0.541,0.496,0.0,0.064,0.622,0.0,0.064,0.0,0.376,0.722,0.291,-0.998,0.416,0.0,"{'tension_score': 0.186, 'tension_level': 'low', 'tension_sources': {'brow_furrow': 0.117, 'lip_compression': 0.0, 'eye_closure': 0.0, 'expression_instability': 0.073, 'emotional_influence': 0.14}}",{},"{'happy': 0.0, 'sadness': 0.0, 'anger': 0.0, 'fear': 0.467, 'surprise': 0.467, 'disgust': 0.0, 'contempt': 0.0, 'anxiety': 0.066, 'fatigue': 0.0, 'polite_smile': 0.0, 'distress': 0.0}",fear,0.467,low
20260120_171417,1768900461.9416907,0.3,0.988,0.219,0.273,0.11,0.448,0.504,0.496,0.0,0.042,0.607,0.0,0.042,0.0,0.455,0.905,0.293,-0.998,0.407,0.0,"{'tension_score': 0.186, 'tension_level': 'low', 'tension_sources': {'brow_furrow': 0.11, 'lip_compression': 0.0, 'eye_closure': 0.0, 'expression_instability': 0.073, 'emotional_influence': 0.142}}",{},"{'happy': 0.0, 'sadness': 0.0, 'anger': 0.0, 'fear': 0.472, 'surprise': 0.472, 'disgust': 0.0, 'contempt': 0.0, 'anxiety': 0.056, 'fatigue': 0.0, 'polite_smile': 0.0, 'distress': 0.0}",fear,0.472,low
20260120_171417,1768900462.0022495,0.3,0.986,0.215,0.27,0.096,0.449,0.509,0.496,0.0,0.02,0.631,0.0,0.02,0.0,0.494,0.848,0.289,-0.999,0.399,0.0,"{'tension_score': 0.19, 'tension_level': 'low', 'tension_sources': {'brow_furrow': 0.096, 'lip_compression': 0.0, 'eye_closure': 0.0, 'expression_instability': 0.072, 'emotional_influence': 0.15}}",{},"{'happy': 0.0, 'sadness': 0.0, 'anger': 0.0, 'fear': 0.5, 'surprise': 0.5, 'disgust': 0.0, 'contempt': 0.0, 'anxiety': 0.0, 'fatigue': 0.0, 'polite_smile': 0.0, 'distress': 0.0}",fear,0.5,low
20260120_171417,1768900462.0346193,0.3,0.989,0.204,0.255,0.062,0.458,0.515,0.497,0.0,0.031,0.64,0.0,0.031,0.0,0.47,0.859,0.286,-0.999,0.391,0.0,"{'tension_score': 0.18, 'tension_level': 'low', 'tension_sources': {'brow_furrow': 0.062, 'lip_compression': 0.0, 'eye_closure': 0.0, 'expression_instability': 0.072, 'emotional_influence': 0.15}}",{},"{'happy': 0.0, 'sadness': 0.0, 'anger': 0.0, 'fear': 0.5, 'surprise': 0.5, 'disgust': 0.0, 'contempt': 0.0, 'anxiety': 0.0, 'fatigue': 0.0, 'polite_smile': 0.0, 'distress': 0.0}",fear,0.5,low
20260120_171417,1768900462.0599332,0.3,0.988,0.212,0.257,0.082,0.459,0.5,0.497,0.0,0.035,0.666,0.0,0.035,0.0,0.468,0.877,0.288,-0.999,0.383,0.0,"{'tension_score': 0.185, 'tension_level': 'low', 'tension_sources': {'brow_furrow': 0.082, 'lip_compression': 0.0, 'eye_closure': 0.0, 'expression_instability': 0.072, 'emotional_influence': 0.15}}",{},"{'happy': 0.0, 'sadness': 0.0, 'anger': 0.0, 'fear': 0.5, 'surprise': 0.5, 'disgust': 0.0, 'contempt': 0.0, 'anxiety': 0.0, 'fatigue': 0.0, 'polite_smile': 0.0, 'distress': 0.0}",fear,0.5,low
20260120_171417,1768900462.0772507,0.3,0.991,0.208,0.254,0.043,0.462,0.501,0.498,0.0,0.01,0.672,0.0,0.01,0.0,0.461,0.946,0.282,-0.999,0.375,0.0,"{'tension_score': 0.174, 'tension_level': 'low', 'tension_sources': {'brow_furrow': 0.043, 'lip_compression': 0.0, 'eye_closure': 0.0, 'expression_instability': 0.072, 'emotional_influence': 0.15}}",{},"{'happy': 0.0, 'sadness': 0.0, 'anger': 0.0, 'fear': 0.5, 'surprise': 0.5, 'disgust': 0.0, 'contempt': 0.0, 'anxiety': 0.0, 'fatigue': 0.0, 'polite_smile': 0.0, 'distress': 0.0}",fear,0.5,low
20260120_171417,1768900462.0965571,0.3,0.989,0.211,0.252,0.044,0.452,0.53,0.497,0.0,0.013,0.691,0.0,0.013,0.0,0.484,0.929,0.281,-0.999,0.367,0.0,"{'tension_score': 0.174, 'tension_level': 'low', 'tension_sources': {'brow_furrow': 0.044, 'lip_compression': 0.0, 'eye_closure': 0.0, 'expression_instability': 0.072, 'emotional_influence': 0.15}}",{},"{'happy': 0.0, 'sadness': 0.0, 'anger': 0.0, 'fear': 0.5, 'surprise': 0.5, 'disgust': 0.0, 'contempt': 0.0, 'anxiety': 0.0, 'fatigue': 0.0, 'polite_smile': 0.0, 'distress': 0.0}",fear,0.5,low
20260120_171417,1768900462.1186604,0.3,0.99,0.202,0.242,0.052,0.457,0.538,0.497,0.0,0.026,0.696,0.0,0.026,0.0,0.464,1.035,0.28,-0.999,0.36,0.0,"{'tension_score': 0.176, 'tension_level': 'low', 'tension_sources': {'brow_furrow': 0.052, 'lip_compression': 0.0, 'eye_closure': 0.0, 'expression_instability': 0.072, 'emotional_influence': 0.15}}",{},"{'happy': 0.0, 'sadness': 0.0, 'anger': 0.0, 'fear': 0.5, 'surprise': 0.5, 'disgust': 0.0, 'contempt': 0.0, 'anxiety': 0.0, 'fatigue': 0.0, 'polite_smile': 0.0, 'distress': 0.0}",fear,0.5,low
20260120_171417,1768900462.1477568,0.3,0.988,0.224,0.265,0.073,0.446,0.694,0.497,0.0,0.058,0.714,0.0,0.058,0.0,0.479,1.152,0.279,-0.999,0.353,0.0,"{'tension_score': 0.183, 'tension_level': 'low', 'tension_sources': {'brow_furrow': 0.073, 'lip_compression': 0.0, 'eye_closure': 0.0, 'expression_instability': 0.072, 'emotional_influence': 0.15}}",{},"{'happy': 0.0, 'sadness': 0.0, 'anger': 0.0, 'fear': 0.5, 'surprise': 0.5, 'disgust': 0.0, 'contempt': 0.0, 'anxiety': 0.0, 'fatigue': 0.0, 'polite_smile': 0.0, 'distress': 0.0}",fear,0.5,low
20260120_171417,1768900462.1851308,0.3,0.988,0.225,0.278,0.06,0.439,0.841,0.497,0.0,0.033,0.734,0.0,0.033,0.0,0.48,0.892,0.275,-0.999,0.519,0.033,"{'tension_score': 0.182, 'tension_level': 'low', 'tension_sources': {'brow_furrow': 0.06, 'lip_compression': 0.0, 'eye_closure': 0.017, 'expression_instability': 0.072, 'emotional_influence': 0.15}}",{},"{'happy': 0.0, 'sadness': 0.0, 'anger': 0.0, 'fear': 0.5, 'surprise': 0.5, 'disgust': 0.0, 'contempt': 0.0, 'anxiety': 0.0, 'fatigue': 0.0, 'polite_smile': 0.0, 'distress': 0.0}",fear,0.5,low
20260120_171417,1768900462.2214556,0.3,0.988,0.232,0.283,0.073,0.442,0.844,0.496,0.0,0.036,0.677,0.0,0.036,0.0,0.444,0.92,0.275,-0.999,0.679,0.067,"{'tension_score': 0.189, 'tension_level': 'low', 'tension_sources': {'brow_furrow': 0.073, 'lip_compression': 0.0, 'eye_closure': 0.033, 'expression_instability': 0.072, 'emotional_influence': 0.15}}",{},"{'happy': 0.0, 'sadness': 0.0, 'anger': 0.0, 'fear': 0.5, 'surprise': 0.5, 'disgust': 0.0, 'contempt': 0.0, 'anxiety': 0.0, 'fatigue': 0.0, 'polite_smile': 0.0, 'distress': 0.0}",fear,0.5,low
20260120_171417,1768900462.2425807,0.3,0.989,0.231,0.275,0.08,0.432,0.764,0.497,0.0,0.034,0.66,0.0,0.034,0.0,0.483,0.861,0.285,-0.999,0.666,0.0,"{'tension_score': 0.185, 'tension_level': 'low', 'tension_sources': {'brow_furrow': 0.08, 'lip_compression': 0.0, 'eye_closure': 0.0, 'expression_instability': 0.072, 'emotional_influence': 0.15}}",{},"{'happy': 0.0, 'sadness': 0.0, 'anger': 0.0, 'fear': 0.5, 'surprise': 0.5, 'disgust': 0.0, 'contempt': 0.0, 'anxiety': 0.0, 'fatigue': 0.0, 'polite_smile': 0.0, 'distress': 0.0}",fear,0.5,low
20260120_171417,1768900462.2795641,0.3,0.99,0.215,0.256,0.078,0.446,0.584,0.497,0.0,0.025,0.651,0.0,0.025,0.0,0.479,0.795,0.287,-1.0,0.653,0.0,"{'tension_score': 0.184, 'tension_level': 'low', 'tension_sources': {'brow_furrow': 0.078, 'lip_compression': 0.0, 'eye_closure': 0.0, 'expression_instability': 0.072, 'emotional_influence': 0.15}}",{},"{'happy': 0.0, 'sadness': 0.0, 'anger': 0.0, 'fear': 0.5, 'surprise': 0.5, 'disgust': 0.0, 'contempt': 0.0, 'anxiety': 0.0, 'fatigue': 0.0, 'polite_smile': 0.0, 'distress': 0.0}",fear,0.5,low
20260120_171417,1768900462.34993,0.3,0.992,0.211,0.248,0.033,0.454,0.527,0.497,0.0,0.026,0.683,0.0,0.026,0.0,0.471,0.804,0.276,-1.0,0.641,0.0,"{'tension_score': 0.171, 'tension_level': 'low', 'tension_sources': {'brow_furrow': 0.033, 'lip_compression': 0.0, 'eye_closure': 0.0, 'expression_instability': 0.072, 'emotional_influence': 0.15}}",{},"{'happy': 0.0, 'sadness': 0.0, 'anger': 0.0, 'fear': 0.5, 'surprise': 0.5, 'disgust': 0.0, 'contempt': 0.0, 'anxiety': 0.0, 'fatigue': 0.0, 'polite_smile': 0.0, 'distress': 0.0}",fear,0.5,low
20260120_171417,1768900462.377715,0.3,0.991,0.214,0.252,0.037,0.45,0.508,0.496,0.0,0.037,0.706,0.0,0.037,0.0,0.445,0.875,0.27,-1.0,0.629,0.0,"{'tension_score': 0.172, 'tension_level': 'low', 'tension_sources': {'brow_furrow': 0.037, 'lip_compression': 0.0, 'eye_closure': 0.0, 'expression_instability': 0.072, 'emotional_influence': 0.15}}",{},"{'happy': 0.0, 'sadness': 0.0, 'anger': 0.0, 'fear': 0.5, 'surprise': 0.5, 'disgust': 0.0, 'contempt': 0.0, 'anxiety': 0.0, 'fatigue': 0.0, 'polite_smile': 0.0, 'distress': 0.0}",fear,0.5,low
20260120_171417,1768900462.4286103,0.3,0.991,0.213,0.251,0.046,0.451,0.501,0.496,0.0,0.038,0.738,0.0,0.038,0.0,0.443,0.966,0.269,-1.0,0.617,0.0,"{'tension_score': 0.175, 'tension_level': 'low', 'tension_sources': {'brow_furrow': 0.046, 'lip_compression': 0.0, 'eye_closure': 0.0, 'expression_instability': 0.072, 'emotional_influence': 0.15}}",{},"{'happy': 0.0, 'sadness': 0.0, 'anger': 0.0, 'fear': 0.5, 'surprise': 0.5, 'disgust': 0.0, 'contempt': 0.0, 'anxiety': 0.0, 'fatigue': 0.0, 'polite_smile': 0.0, 'distress': 0.0}",fear,0.5,low
20260120_171417,1768900462.4734843,0.3,0.991,0.219,0.255,0.045,0.448,0.506,0.496,0.0,0.05,0.722,0.0,0.05,0.0,0.428,0.957,0.267,-1.0,0.606,0.0,"{'tension_score': 0.174, 'tension_level': 'low', 'tension_sources': {'brow_furrow': 0.045, 'lip_compression': 0.0, 'eye_closure': 0.0, 'expression_instability': 0.072, 'emotional_influence': 0.15}}",{},"{'happy': 0.0, 'sadness': 0.0, 'anger': 0.0, 'fear': 0.5, 'surprise': 0.5, 'disgust': 0.0, 'contempt': 0.0, 'anxiety': 0.0, 'fatigue': 0.0, 'polite_smile': 0.0, 'distress': 0.0}",fear,0.5,low
20260120_171417,1768900462.4949224,0.3,0.992,0.215,0.251,0.043,0.445,0.514,0.496,0.0,0.046,0.729,0.0,0.046,0.0,0.419,0.876,0.27,-1.0,0.595,0.0,"{'tension_score': 0.174, 'tension_level': 'low', 'tension_sources': {'brow_furrow': 0.043, 'lip_compression': 0.0, 'eye_closure': 0.0, 'expression_instability': 0.072, 'emotional_influence': 0.15}}",{},"{'happy': 0.0, 'sadness': 0.0, 'anger': 0.0, 'fear': 0.5, 'surprise': 0.5, 'disgust': 0.0, 'contempt': 0.0, 'anxiety': 0.0, 'fatigue': 0.0, 'polite_smile': 0.0, 'distress': 0.0}",fear,0.5,low
20260120_171417,1768900462.5196729,0.3,0.992,0.217,0.252,0.044,0.448,0.501,0.496,0.0,0.049,0.73,0.0,0.049,0.0,0.409,1.073,0.268,-1.0,0.584,0.0,"{'tension_score': 0.174, 'tension_level': 'low', 'tension_sources': {'brow_furrow': 0.044, 'lip_compression': 0.0, 'eye_closure': 0.0, 'expression_instability': 0.072, 'emotional_influence': 0.15}}",{},"{'happy': 0.0, 'sadness': 0.0, 'anger': 0.0, 'fear': 0.5, 'surprise': 0.5, 'disgust': 0.0, 'contempt': 0.0, 'anxiety': 0.0, 'fatigue': 0.0, 'polite_smile': 0.0, 'distress': 0.0}",fear,0.5,low
20260120_171417,1768900462.5469534,0.3,0.992,0.218,0.256,0.049,0.44,0.496,0.495,0.0,0.062,0.73,0.0,0.062,0.0,0.369,0.882,0.265,-1.0,0.574,0.0,"{'tension_score': 0.175, 'tension_level': 'low', 'tension_sources': {'brow_furrow': 0.049, 'lip_compression': 0.0, 'eye_closure': 0.0, 'expression_instability': 0.071, 'emotional_influence': 0.15}}",{},"{'happy': 0.0, 'sadness': 0.0, 'anger': 0.0, 'fear': 0.5, 'surprise': 0.5, 'disgust': 0.0, 'contempt': 0.0, 'anxiety': 0.0, 'fatigue': 0.0, 'polite_smile': 0.0, 'distress': 0.0}",fear,0.5,low
20260120_171417,1768900462.5734,0.3,0.993,0.215,0.257,0.059,0.435,0.498,0.495,0.0,0.055,0.737,0.0,0.055,0.0,0.388,0.754,0.268,-1.0,0.564,0.0,"{'tension_score': 0.178, 'tension_level': 'low', 'tension_sources': {'brow_furrow': 0.059, 'lip_compression': 0.0, 'eye_closure': 0.0, 'expression_instability': 0.071, 'emotional_influence': 0.15}}",{},"{'happy': 0.0, 'sadness': 0.0, 'anger': 0.0, 'fear': 0.5, 'surprise': 0.5, 'disgust': 0.0, 'contempt': 0.0, 'anxiety': 0.0, 'fatigue': 0.0, 'polite_smile': 0.0, 'distress': 0.0}",fear,0.5,low
20260120_171417,1768900462.5952876,0.3,0.993,0.212,0.251,0.05,0.436,0.507,0.496,0.0,0.05,0.728,0.0,0.05,0.0,0.39,0.603,0.274,-1.0,0.554,0.0,"{'tension_score': 0.176, 'tension_level': 'low', 'tension_sources': {'brow_furrow': 0.05, 'lip_compression': 0.0, 'eye_closure': 0.0, 'expression_instability': 0.071, 'emotional_influence': 0.15}}",{},"{'happy': 0.0, 'sadness': 0.0, 'anger': 0.0, 'fear': 0.5, 'surprise': 0.5, 'disgust': 0.0, 'contempt': 0.0, 'anxiety': 0.0, 'fatigue': 0.0, 'polite_smile': 0.0, 'distress': 0.0}",fear,0.5,low
20260120_171417,1768900462.6204107,0.3,0.993,0.217,0.259,0.065,0.431,0.476,0.496,0.0,0.047,0.758,0.0,0.047,0.0,0.435,0.613,0.276,-0.999,0.544,0.0,"{'tension_score': 0.18, 'tension_level': 'low', 'tension_sources': {'brow_furrow': 0.065, 'lip_compression': 0.0, 'eye_closure': 0.0, 'expression_instability': 0.071, 'emotional_influence': 0.15}}",{},"{'happy': 0.0, 'sadness': 0.0, 'anger': 0.0, 'fear': 0.5, 'surprise': 0.5, 'disgust': 0.0, 'contempt': 0.0, 'anxiety': 0.0, 'fatigue': 0.0, 'polite_smile': 0.0, 'distress': 0.0}",fear,0.5,low
20260120_171417,1768900462.65301,0.3,0.991,0.215,0.257,0.054,0.434,0.487,0.496,0.0,0.03,0.746,0.0,0.03,0.0,0.432,0.557,0.276,-1.0,0.535,0.0,"{'tension_score': 0.177, 'tension_level': 'low', 'tension_sources': {'brow_furrow': 0.054, 'lip_compression': 0.0, 'eye_closure': 0.0, 'expression_instability': 0.071, 'emotional_influence': 0.15}}",{},"{'happy': 0.0, 'sadness': 0.0, 'anger': 0.0, 'fear': 0.5, 'surprise': 0.5, 'disgust': 0.0, 'contempt': 0.0, 'anxiety': 0.0, 'fatigue': 0.0, 'polite_smile': 0.0, 'distress': 0.0}",fear,0.5,low
20260120_171417,1768900462.6818955,0.3,0.991,0.212,0.255,0.044,0.436,0.498,0.496,0.0,0.027,0.73,0.0,0.027,0.0,0.38,0.51,0.273,-1.0,0.526,0.0,"{'tension_score': 0.174, 'tension_level': 'low', 'tension_sources': {'brow_furrow': 0.044, 'lip_compression': 0.0, 'eye_closure': 0.0, 'expression_instability': 0.07, 'emotional_influence': 0.15}}",{},"{'happy': 0.0, 'sadness': 0.0, 'anger': 0.0, 'fear': 0.5, 'surprise': 0.5, 'disgust': 0.0, 'contempt': 0.0, 'anxiety': 0.0, 'fatigue': 0.0, 'polite_smile': 0.0, 'distress': 0.0}",fear,0.5,low
20260120_171417,1768900462.7185783,0.3,0.99,0.211,0.249,0.036,0.445,0.503,0.496,0.0,0.033,0.754,0.0,0.033,0.0,0.37,0.588,0.272,-1.0,0.517,0.0,"{'tension_score': 0.171, 'tension_level': 'low', 'tension_sources': {'brow_furrow': 0.036, 'lip_compression': 0.0, 'eye_closure': 0.0, 'expression_instability': 0.07, 'emotional_influence': 0.15}}",{},"{'happy': 0.0, 'sadness': 0.0, 'anger': 0.0, 'fear': 0.5, 'surprise': 0.5, 'disgust': 0.0, 'contempt': 0.0, 'anxiety': 0.0, 'fatigue': 0.0, 'polite_smile': 0.0, 'distress': 0.0}",fear,0.5,low
20260120_171417,1768900462.7836976,0.3,0.992,0.215,0.249,0.03,0.443,0.514,0.496,0.0,0.037,0.711,0.0,0.037,0.0,0.349,0.591,0.267,-1.0,0.508,0.0,"{'tension_score': 0.169, 'tension_level': 'low', 'tension_sources': {'brow_furrow': 0.03, 'lip_compression': 0.0, 'eye_closure': 0.0, 'expression_instability': 0.07, 'emotional_influence': 0.15}}",{},"{'happy': 0.0, 'sadness': 0.0, 'anger': 0.0, 'fear': 0.5, 'surprise': 0.5, 'disgust': 0.0, 'contempt': 0.0, 'anxiety': 0.0, 'fatigue': 0.0, 'polite_smile': 0.0, 'distress': 0.0}",fear,0.5,low
20260120_171417,1768900462.815098,0.3,0.992,0.22,0.255,0.033,0.446,0.489,0.496,0.0,0.065,0.71,0.0,0.065,0.0,0.334,0.594,0.269,-1.0,0.5,0.0,"{'tension_score': 0.17, 'tension_level': 'low', 'tension_sources': {'brow_furrow': 0.033, 'lip_compression': 0.0, 'eye_closure': 0.0, 'expression_instability': 0.07, 'emotional_influence': 0.15}}",{},"{'happy': 0.0, 'sadness': 0.0, 'anger': 0.0, 'fear': 0.5, 'surprise': 0.5, 'disgust': 0.0, 'contempt': 0.0, 'anxiety': 0.0, 'fatigue': 0.0, 'polite_smile': 0.0, 'distress': 0.0}",fear,0.5,low
20260120_171417,1768900462.8579879,0.3,0.993,0.222,0.261,0.034,0.436,0.481,0.495,0.0,0.057,0.739,0.0,0.057,0.0,0.323,0.539,0.268,-1.0,0.492,0.0,"{'tension_score': 0.171, 'tension_level': 'low', 'tension_sources': {'brow_furrow': 0.034, 'lip_compression': 0.0, 'eye_closure': 0.0, 'expression_instability': 0.07, 'emotional_influence': 0.15}}",{},"{'happy': 0.0, 'sadness': 0.0, 'anger': 0.0, 'fear': 0.5, 'surprise': 0.5, 'disgust': 0.0, 'contempt': 0.0, 'anxiety': 0.0, 'fatigue': 0.0, 'polite_smile': 0.0, 'distress': 0.0}",fear,0.5,low
20260120_171417,1768900462.8968818,0.3,0.993,0.222,0.26,0.044,0.437,0.471,0.496,0.0,0.058,0.761,0.0,0.058,0.0,0.316,0.453,0.271,-1.0,0.484,0.0,"{'tension_score': 0.024, 'tension_level': 'low', 'tension_sources': {'brow_furrow': 0.044, 'lip_compression': 0.0, 'eye_closure': 0.0, 'expression_instability': 0.069, 'emotional_influence': 0.0}}",{},"{'happy': 0.0, 'sadness': 0.0, 'anger': 0.0, 'fear': 0.0, 'surprise': 1.0, 'disgust': 0.0, 'contempt': 0.0, 'anxiety': 0.0, 'fatigue': 0.0, 'polite_smile': 0.0, 'distress': 0.0}",surprise,1.0,low
20260120_171417,1768900463.0560994,0.3,0.99,0.224,0.266,0.054,0.439,0.445,0.497,0.0,0.018,0.732,0.0,0.018,0.0,0.35,0.293,0.275,-1.0,0.476,0.0,"{'tension_score': 0.027, 'tension_level': 'low', 'tension_sources': {'brow_furrow': 0.054, 'lip_compression': 0.0, 'eye_closure': 0.0, 'expression_instability': 0.069, 'emotional_influence': 0.0}}",{},"{'happy': 0.0, 'sadness': 0.0, 'anger': 0.0, 'fear': 0.0, 'surprise': 0.0, 'disgust': 0.0, 'contempt': 0.0, 'anxiety': 0.0, 'fatigue': 0.0, 'polite_smile': 0.0, 'distress': 0.0, 'neutral': 1.0}",neutral,1.0,low
20260120_171417,1768900463.1418493,0.3,0.989,0.218,0.253,0.034,0.446,0.466,0.497,0.0,0.021,0.762,0.0,0.021,0.0,0.313,0.379,0.272,-1.0,0.468,0.0,"{'tension_score': 0.021, 'tension_level': 'low', 'tension_sources': {'brow_furrow': 0.034, 'lip_compression': 0.0, 'eye_closure': 0.0, 'expression_instability': 0.069, 'emotional_influence': 0.0}}",{},"{'happy': 0.0, 'sadness': 0.0, 'anger': 0.0, 'fear': 0.0, 'surprise': 1.0, 'disgust': 0.0, 'contempt': 0.0, 'anxiety': 0.0, 'fatigue': 0.0, 'polite_smile': 0.0, 'distress': 0.0}",surprise,1.0,low
20260120_171417,1768900463.2216108,0.3,0.991,0.218,0.26,0.039,0.444,0.477,0.496,0.0,0.026,0.713,0.0,0.026,0.0,0.313,0.393,0.265,-1.0,0.461,0.0,"{'tension_score': 0.022, 'tension_level': 'low', 'tension_sources': {'brow_furrow': 0.039, 'lip_compression': 0.0, 'eye_closure': 0.0, 'expression_instability': 0.069, 'emotional_influence': 0.0}}",{},"{'happy': 0.0, 'sadness': 0.0, 'anger': 0.0, 'fear': 0.0, 'surprise': 1.0, 'disgust': 0.0, 'contempt': 0.0, 'anxiety': 0.0, 'fatigue': 0.0, 'polite_smile': 0.0, 'distress': 0.0}",surprise,1.0,low
20260120_171417,1768900463.3131013,0.3,0.991,0.214,0.251,0.028,0.451,0.473,0.497,0.0,0.029,0.735,0.0,0.029,0.0,0.346,0.293,0.269,-1.0,0.454,0.0,"{'tension_score': 0.019, 'tension_level': 'low', 'tension_sources': {'brow_furrow': 0.028, 'lip_compression': 0.0, 'eye_closure': 0.0, 'expression_instability': 0.069, 'emotional_influence': 0.0}}",{},"{'happy': 0.0, 'sadness': 0.0, 'anger': 0.0, 'fear': 0.0, 'surprise': 0.0, 'disgust': 0.0, 'contempt': 0.0, 'anxiety': 0.0, 'fatigue': 0.0, 'polite_smile': 0.0, 'distress': 0.0, 'neutral': 1.0}",neutral,1.0,low
20260120_171417,1768900463.407058,0.3,0.99,0.221,0.256,0.049,0.449,0.484,0.497,0.0,0.037,0.718,0.0,0.037,0.0,0.302,0.4,0.277,-0.999,0.446,0.0,"{'tension_score': 0.025, 'tension_level': 'low', 'tension_sources': {'brow_furrow': 0.049, 'lip_compression': 0.0, 'eye_closure': 0.0, 'expression_instability': 0.068, 'emotional_influence': 0.0}}",{},"{'happy': 0.0, 'sadness': 0.0, 'anger': 0.0, 'fear': 0.0, 'surprise': 1.0, 'disgust': 0.0, 'contempt': 0.0, 'anxiety': 0.0, 'fatigue': 0.0, 'polite_smile': 0.0, 'distress': 0.0}",surprise,1.0,low
20260120_171417,1768900463.4827251,0.3,0.99,0.218,0.254,0.026,0.446,0.504,0.497,0.0,0.03,0.699,0.0,0.03,0.0,0.33,0.245,0.272,-1.0,0.439,0.0,"{'tension_score': 0.017, 'tension_level': 'low', 'tension_sources': {'brow_furrow': 0.026, 'lip_compression': 0.0, 'eye_closure': 0.0, 'expression_instability': 0.063, 'emotional_influence': 0.0}}",{},"{'happy': 0.0, 'sadness': 0.0, 'anger': 0.0, 'fear': 0.0, 'surprise': 0.0, 'disgust': 0.0, 'contempt': 0.0, 'anxiety': 0.0, 'fatigue': 0.0, 'polite_smile': 0.0, 'distress': 0.0, 'neutral': 1.0}",neutral,1.0,low
20260120_171417,1768900463.5783746,0.3,0.99,0.216,0.248,0.023,0.462,0.475,0.498,0.0,0.041,0.738,0.0,0.041,0.0,0.309,0.364,0.274,-1.0,0.433,0.0,"{'tension_score': 0.015, 'tension_level': 'low', 'tension_sources': {'brow_furrow': 0.023, 'lip_compression': 0.0, 'eye_closure': 0.0, 'expression_instability': 0.056, 'emotional_influence': 0.0}}",{},"{'happy': 0.0, 'sadness': 0.0, 'anger': 0.0, 'fear': 0.0, 'surprise': 1.0, 'disgust': 0.0, 'contempt': 0.0, 'anxiety': 0.0, 'fatigue': 0.0, 'polite_smile': 0.0, 'distress': 0.0}",surprise,1.0,low
20260120_171417,1768900463.6661253,0.3,0.99,0.221,0.258,0.041,0.449,0.487,0.497,0.0,0.037,0.734,0.0,0.037,0.0,0.271,0.322,0.273,-0.999,0.426,0.0,"{'tension_score': 0.019, 'tension_level': 'low', 'tension_sources': {'brow_furrow': 0.041, 'lip_compression': 0.0, 'eye_closure': 0.0, 'expression_instability': 0.046, 'emotional_influence': 0.0}}",{},"{'happy': 0.0, 'sadness': 0.0, 'anger': 0.0, 'fear': 0.0, 'surprise': 1.0, 'disgust': 0.0, 'contempt': 0.0, 'anxiety': 0.0, 'fatigue': 0.0, 'polite_smile': 0.0, 'distress': 0.0}",surprise,1.0,low
20260120_171417,1768900463.7913485,0.3,0.991,0.222,0.255,0.042,0.452,0.534,0.497,0.0,0.019,0.735,0.0,0.019,0.0,0.324,0.357,0.27,-1.0,0.42,0.0,"{'tension_score': 0.018, 'tension_level': 'low', 'tension_sources': {'brow_furrow': 0.042, 'lip_compression': 0.0, 'eye_closure': 0.0, 'expression_instability': 0.035, 'emotional_influence': 0.0}}",{},"{'happy': 0.0, 'sadness': 0.0, 'anger': 0.0, 'fear': 0.0, 'surprise': 1.0, 'disgust': 0.0, 'contempt': 0.0, 'anxiety': 0.0, 'fatigue': 0.0, 'polite_smile': 0.0, 'distress': 0.0}",surprise,1.0,low
20260120_171417,1768900463.8722208,0.3,0.992,0.219,0.248,0.035,0.467,0.541,0.498,0.0,0.014,0.769,0.0,0.014,0.0,0.302,0.492,0.268,-1.0,0.413,0.0,"{'tension_score': 0.015, 'tension_level': 'low', 'tension_sources': {'brow_furrow': 0.035, 'lip_compression': 0.0, 'eye_closure': 0.0, 'expression_instability': 0.026, 'emotional_influence': 0.0}}",{},"{'happy': 0.0, 'sadness': 0.0, 'anger': 0.0, 'fear': 0.0, 'surprise': 1.0, 'disgust': 0.0, 'contempt': 0.0, 'anxiety': 0.0, 'fatigue': 0.0, 'polite_smile': 0.0, 'distress': 0.0}",surprise,1.0,low
20260120_171417,1768900463.9418414,0.3,0.99,0.217,0.248,0.037,0.463,0.573,0.498,0.0,0.008,0.744,0.0,0.008,0.0,0.293,0.403,0.268,-1.0,0.407,0.0,"{'tension_score': 0.015, 'tension_level': 'low', 'tension_sources': {'brow_furrow': 0.037, 'lip_compression': 0.0, 'eye_closure': 0.0, 'expression_instability': 0.024, 'emotional_influence': 0.0}}",{},"{'happy': 0.0, 'sadness': 0.0, 'anger': 0.0, 'fear': 0.0, 'surprise': 1.0, 'disgust': 0.0, 'contempt': 0.0, 'anxiety': 0.0, 'fatigue': 0.0, 'polite_smile': 0.0, 'distress': 0.0}",surprise,1.0,low
20260120_171417,1768900464.0253875,0.3,0.991,0.212,0.263,0.085,0.445,0.575,0.496,0.0,0.021,0.682,0.0,0.021,0.0,0.261,0.308,0.274,-0.999,0.401,0.0,"{'tension_score': 0.029, 'tension_level': 'low', 'tension_sources': {'brow_furrow': 0.085, 'lip_compression': 0.0, 'eye_closure': 0.0, 'expression_instability': 0.023, 'emotional_influence': 0.0}}",{},"{'happy': 0.0, 'sadness': 0.0, 'anger': 0.0, 'fear': 0.0, 'surprise': 1.0, 'disgust': 0.0, 'contempt': 0.0, 'anxiety': 0.0, 'fatigue': 0.0, 'polite_smile': 0.0, 'distress': 0.0}",surprise,1.0,low
20260120_171417,1768900464.1061552,0.3,0.99,0.228,0.269,0.072,0.451,0.517,0.497,0.0,0.019,0.722,0.0,0.019,0.0,0.278,0.241,0.277,-0.999,0.395,0.0,"{'tension_score': 0.025, 'tension_level': 'low', 'tension_sources': {'brow_furrow': 0.072, 'lip_compression': 0.0, 'eye_closure': 0.0, 'expression_instability': 0.023, 'emotional_influence': 0.0}}",{},"{'happy': 0.0, 'sadness': 0.0, 'anger': 0.0, 'fear': 0.0, 'surprise': 0.0, 'disgust': 0.0, 'contempt': 0.0, 'anxiety': 0.0, 'fatigue': 0.0, 'polite_smile': 0.0, 'distress': 0.0, 'neutral': 1.0}",neutral,1.0,low
20260120_171417,1768900464.1981516,0.3,0.99,0.218,0.258,0.054,0.458,0.54,0.498,0.0,0.043,0.648,0.0,0.043,0.0,0.269,0.211,0.282,-0.999,0.389,0.0,"{'tension_score': 0.02, 'tension_level': 'low', 'tension_sources': {'brow_furrow': 0.054, 'lip_compression': 0.0, 'eye_closure': 0.0, 'expression_instability': 0.023, 'emotional_influence': 0.0}}",{},"{'happy': 0.0, 'sadness': 0.0, 'anger': 0.0, 'fear': 0.0, 'surprise': 0.0, 'disgust': 0.0, 'contempt': 0.0, 'anxiety': 0.0, 'fatigue': 0.0, 'polite_smile': 0.0, 'distress': 0.0, 'neutral': 1.0}",neutral,1.0,low
20260120_171417,1768900464.289368,0.3,0.99,0.223,0.266,0.083,0.443,0.54,0.497,0.0,0.035,0.644,0.0,0.035,0.0,0.252,0.154,0.28,-0.999,0.384,0.0,"{'tension_score': 0.028, 'tension_level': 'low', 'tension_sources': {'brow_furrow': 0.083, 'lip_compression': 0.0, 'eye_closure': 0.0, 'expression_instability': 0.023, 'emotional_influence': 0.0}}",{},"{'happy': 0.0, 'sadness': 0.0, 'anger': 0.0, 'fear': 0.0, 'surprise': 0.0, 'disgust': 0.0, 'contempt': 0.0, 'anxiety': 0.0, 'fatigue': 0.0, 'polite_smile': 0.0, 'distress': 0.0, 'neutral': 1.0}",neutral,1.0,low
20260120_171417,1768900464.365353,0.3,0.99,0.227,0.273,0.072,0.452,0.51,0.497,0.0,0.029,0.643,0.0,0.029,0.0,0.227,0.181,0.28,-0.999,0.378,0.0,"{'tension_score': 0.025, 'tension_level': 'low', 'tension_sources': {'brow_furrow': 0.072, 'lip_compression': 0.0, 'eye_closure': 0.0, 'expression_instability': 0.023, 'emotional_influence': 0.0}}",{},"{'happy': 0.0, 'sadness': 0.0, 'anger': 0.0, 'fear': 0.0, 'surprise': 0.0, 'disgust': 0.0, 'contempt': 0.0, 'anxiety': 0.0, 'fatigue': 0.0, 'polite_smile': 0.0, 'distress': 0.0, 'neutral': 1.0}",neutral,1.0,low
20260120_171417,1768900464.4470694,0.3,0.991,0.223,0.269,0.084,0.451,0.544,0.498,0.0,0.026,0.64,0.0,0.026,0.0,0.215,0.185,0.287,-0.999,0.373,0.0,"{'tension_score': 0.029, 'tension_level': 'low', 'tension_sources': {'brow_furrow': 0.084, 'lip_compression': 0.0, 'eye_closure': 0.0, 'expression_instability': 0.023, 'emotional_influence': 0.0}}",{},"{'happy': 0.0, 'sadness': 0.0, 'anger': 0.0, 'fear': 0.0, 'surprise': 0.0, 'disgust': 0.0, 'contempt': 0.0, 'anxiety': 0.0, 'fatigue': 0.0, 'polite_smile': 0.0, 'distress': 0.0, 'neutral': 1.0}",neutral,1.0,low
20260120_171417,1768900464.5256643,0.3,0.989,0.227,0.271,0.102,0.452,0.563,0.497,0.0,0.022,0.642,0.0,0.022,0.0,0.236,0.186,0.294,-0.999,0.367,0.0,"{'tension_score': 0.334, 'tension_level': 'medium', 'tension_sources': {'brow_furrow': 0.102, 'lip_compression': 0.0, 'eye_closure': 0.0, 'expression_instability': 0.023, 'emotional_influence': 0.3}}",{},"{'happy': 0.0, 'sadness': 0.0, 'anger': 0.0, 'fear': 0.0, 'surprise': 0.0, 'disgust': 0.0, 'contempt': 0.0, 'anxiety': 1.0, 'fatigue': 0.0, 'polite_smile': 0.0, 'distress': 0.0}",anxiety,1.0,medium
